path,p,card,supported,extreme,unsupported,min1,min2,max1,max2,width1,width2,spCard1,spCard2,spSupported1,spSupported2,spExtreme1,spExtreme2,spUnsupported1,spUnsupported2,spCard3,spSupported3,spExtreme3,spUnsupported3,spCard4,spSupported4,spExtreme4,spUnsupported4,filter_time,spCard5,spSupported5,spExtreme5,spUnsupported5,min3,max3,width3,min4,max4,width4,min5,max5,width5
results/algorithm1/alg1-prob-2-200|200-ll-2_1.json,2,2135,261,243,1874,0,0,19882,19857,19882,19857,200,200,127,131,123,125,73,69,NA,NA,NA,NA,NA,NA,NA,NA,NA,NA,NA,NA,NA,NA,NA,NA,NA,NA,NA,NA,NA,NA
results/algorithm1/alg1-prob-2-200|200-ll-2_2.json,2,2095,250,243,1845,5,3,19654,19598,19649,19595,200,200,129,120,128,120,71,80,NA,NA,NA,NA,NA,NA,NA,NA,NA,NA,NA,NA,NA,NA,NA,NA,NA,NA,NA,NA,NA,NA
results/algorithm1/alg1-prob-2-200|200-ll-2_3.json,2,2119,279,251,1840,0,0,19873,19884,19873,19884,200,200,131,136,125,132,69,64,NA,NA,NA,NA,NA,NA,NA,NA,NA,NA,NA,NA,NA,NA,NA,NA,NA,NA,NA,NA,NA,NA
results/algorithm1/alg1-prob-2-200|200-ll-2_4.json,2,2072,258,249,1814,3,1,19779,19694,19776,19693,200,200,129,128,127,125,71,72,NA,NA,NA,NA,NA,NA,NA,NA,NA,NA,NA,NA,NA,NA,NA,NA,NA,NA,NA,NA,NA,NA
results/algorithm1/alg1-prob-2-200|200-ll-2_5.json,2,2112,265,250,1847,0,1,19799,19845,19799,19844,200,200,133,128,129,125,67,72,NA,NA,NA,NA,NA,NA,NA,NA,NA,NA,NA,NA,NA,NA,NA,NA,NA,NA,NA,NA,NA,NA
results/algorithm1/alg1-prob-2-200|200-mm-2_1.json,2,1745,37,23,1708,4,2,17517,18172,17513,18170,200,200,16,13,14,11,184,187,NA,NA,NA,NA,NA,NA,NA,NA,NA,NA,NA,NA,NA,NA,NA,NA,NA,NA,NA,NA,NA,NA
results/algorithm1/alg1-prob-2-200|200-mm-2_2.json,2,1694,29,23,1665,4,3,18129,17823,18125,17820,200,200,16,11,14,11,184,189,NA,NA,NA,NA,NA,NA,NA,NA,NA,NA,NA,NA,NA,NA,NA,NA,NA,NA,NA,NA,NA,NA
results/algorithm1/alg1-prob-2-200|200-mm-2_3.json,2,1998,36,22,1962,0,1,18437,16805,18437,16804,200,200,15,13,13,11,185,187,NA,NA,NA,NA,NA,NA,NA,NA,NA,NA,NA,NA,NA,NA,NA,NA,NA,NA,NA,NA,NA,NA
results/algorithm1/alg1-prob-2-200|200-mm-2_4.json,2,1935,26,20,1909,0,0,17153,17057,17153,17057,200,200,11,13,11,11,189,187,NA,NA,NA,NA,NA,NA,NA,NA,NA,NA,NA,NA,NA,NA,NA,NA,NA,NA,NA,NA,NA,NA
results/algorithm1/alg1-prob-2-200|200-mm-2_5.json,2,2023,28,22,1995,0,1,18612,16710,18612,16709,200,200,11,15,11,13,189,185,NA,NA,NA,NA,NA,NA,NA,NA,NA,NA,NA,NA,NA,NA,NA,NA,NA,NA,NA,NA,NA,NA
results/algorithm1/alg1-prob-2-200|200-ul-2_1.json,2,565,133,130,432,17,168,19843,20000,19826,19832,200,200,132,2,129,2,68,198,NA,NA,NA,NA,NA,NA,NA,NA,NA,NA,NA,NA,NA,NA,NA,NA,NA,NA,NA,NA,NA,NA
results/algorithm1/alg1-prob-2-200|200-ul-2_2.json,2,469,128,124,341,42,13,19945,19953,19903,19940,200,200,127,2,123,2,73,198,NA,NA,NA,NA,NA,NA,NA,NA,NA,NA,NA,NA,NA,NA,NA,NA,NA,NA,NA,NA,NA,NA
results/algorithm1/alg1-prob-2-200|200-ul-2_3.json,2,565,134,130,431,17,168,19890,19904,19873,19736,200,200,133,2,129,2,67,198,NA,NA,NA,NA,NA,NA,NA,NA,NA,NA,NA,NA,NA,NA,NA,NA,NA,NA,NA,NA,NA,NA
results/algorithm1/alg1-prob-2-200|200-ul-2_4.json,2,470,121,121,349,108,28,19743,19727,19635,19699,200,200,120,2,120,2,80,198,NA,NA,NA,NA,NA,NA,NA,NA,NA,NA,NA,NA,NA,NA,NA,NA,NA,NA,NA,NA,NA,NA
results/algorithm1/alg1-prob-2-200|200-ul-2_5.json,2,492,137,133,355,50,166,19935,19980,19885,19814,200,200,136,2,132,2,64,198,NA,NA,NA,NA,NA,NA,NA,NA,NA,NA,NA,NA,NA,NA,NA,NA,NA,NA,NA,NA,NA,NA
results/algorithm1/alg1-prob-2-200|200-uu-2_1.json,2,651,3,3,648,146,38,20000,19999,19854,19961,200,200,2,2,2,2,198,198,NA,NA,NA,NA,NA,NA,NA,NA,NA,NA,NA,NA,NA,NA,NA,NA,NA,NA,NA,NA,NA,NA
results/algorithm1/alg1-prob-2-200|200-uu-2_2.json,2,686,3,3,683,160,142,19999,20000,19839,19858,200,200,2,2,2,2,198,198,NA,NA,NA,NA,NA,NA,NA,NA,NA,NA,NA,NA,NA,NA,NA,NA,NA,NA,NA,NA,NA,NA
results/algorithm1/alg1-prob-2-200|200-uu-2_3.json,2,594,3,3,591,92,179,19999,20000,19907,19821,200,200,2,2,2,2,198,198,NA,NA,NA,NA,NA,NA,NA,NA,NA,NA,NA,NA,NA,NA,NA,NA,NA,NA,NA,NA,NA,NA
results/algorithm1/alg1-prob-2-200|200-uu-2_4.json,2,504,3,3,501,170,165,19999,19999,19829,19834,200,200,2,2,2,2,198,198,NA,NA,NA,NA,NA,NA,NA,NA,NA,NA,NA,NA,NA,NA,NA,NA,NA,NA,NA,NA,NA,NA
results/algorithm1/alg1-prob-2-200|200-uu-2_5.json,2,583,3,3,580,29,104,19999,20000,19970,19896,200,200,2,2,2,2,198,198,NA,NA,NA,NA,NA,NA,NA,NA,NA,NA,NA,NA,NA,NA,NA,NA,NA,NA,NA,NA,NA,NA
results/algorithm1/alg1-prob-2-300|300-ll-2_1.json,2,3347,315,299,3032,0,0,19888,19818,19888,19818,300,300,160,154,155,150,140,146,NA,NA,NA,NA,NA,NA,NA,NA,NA,NA,NA,NA,NA,NA,NA,NA,NA,NA,NA,NA,NA,NA
results/algorithm1/alg1-prob-2-300|300-ll-2_2.json,2,3254,336,302,2918,0,0,19896,19843,19896,19843,300,300,160,167,155,159,140,133,NA,NA,NA,NA,NA,NA,NA,NA,NA,NA,NA,NA,NA,NA,NA,NA,NA,NA,NA,NA,NA,NA
results/algorithm1/alg1-prob-2-300|300-ll-2_3.json,2,3379,326,304,3053,0,1,19733,19902,19733,19901,300,300,163,159,156,156,137,141,NA,NA,NA,NA,NA,NA,NA,NA,NA,NA,NA,NA,NA,NA,NA,NA,NA,NA,NA,NA,NA,NA
results/algorithm1/alg1-prob-2-300|300-ll-2_4.json,2,3313,323,304,2990,2,0,19848,19689,19846,19689,300,300,160,159,155,154,140,141,NA,NA,NA,NA,NA,NA,NA,NA,NA,NA,NA,NA,NA,NA,NA,NA,NA,NA,NA,NA,NA,NA
results/algorithm1/alg1-prob-2-300|300-ll-2_5.json,2,3293,342,296,2951,0,0,19898,19842,19898,19842,300,300,157,167,150,159,143,133,NA,NA,NA,NA,NA,NA,NA,NA,NA,NA,NA,NA,NA,NA,NA,NA,NA,NA,NA,NA,NA,NA
results/algorithm1/alg1-prob-2-300|300-mm-2_1.json,2,2819,51,18,2768,2,0,17672,17872,17670,17872,300,300,13,15,8,12,287,285,NA,NA,NA,NA,NA,NA,NA,NA,NA,NA,NA,NA,NA,NA,NA,NA,NA,NA,NA,NA,NA,NA
results/algorithm1/alg1-prob-2-300|300-mm-2_2.json,2,2902,50,16,2852,1,0,16141,16902,16140,16902,300,300,13,14,11,7,287,286,NA,NA,NA,NA,NA,NA,NA,NA,NA,NA,NA,NA,NA,NA,NA,NA,NA,NA,NA,NA,NA,NA
results/algorithm1/alg1-prob-2-300|300-mm-2_3.json,2,2852,102,23,2750,0,0,19639,18301,19639,18301,300,300,22,17,15,10,278,283,NA,NA,NA,NA,NA,NA,NA,NA,NA,NA,NA,NA,NA,NA,NA,NA,NA,NA,NA,NA,NA,NA
results/algorithm1/alg1-prob-2-300|300-mm-2_4.json,2,2852,102,23,2750,0,0,19639,18301,19639,18301,300,300,22,17,15,10,278,283,NA,NA,NA,NA,NA,NA,NA,NA,NA,NA,NA,NA,NA,NA,NA,NA,NA,NA,NA,NA,NA,NA
results/algorithm1/alg1-prob-2-300|300-mm-2_5.json,2,2899,112,25,2787,0,0,19160,18229,19160,18229,300,300,22,20,15,12,278,280,NA,NA,NA,NA,NA,NA,NA,NA,NA,NA,NA,NA,NA,NA,NA,NA,NA,NA,NA,NA,NA,NA
results/algorithm1/alg1-prob-2-300|300-ul-2_1.json,2,743,152,142,591,3,153,19996,19904,19993,19751,300,300,151,2,141,2,149,298,NA,NA,NA,NA,NA,NA,NA,NA,NA,NA,NA,NA,NA,NA,NA,NA,NA,NA,NA,NA,NA,NA
results/algorithm1/alg1-prob-2-300|300-ul-2_2.json,2,619,152,142,467,11,20,19997,19904,19986,19884,300,300,151,2,141,2,149,298,NA,NA,NA,NA,NA,NA,NA,NA,NA,NA,NA,NA,NA,NA,NA,NA,NA,NA,NA,NA,NA,NA
results/algorithm1/alg1-prob-2-300|300-ul-2_3.json,2,736,161,156,575,3,153,19922,19905,19919,19752,300,300,160,2,155,2,140,298,NA,NA,NA,NA,NA,NA,NA,NA,NA,NA,NA,NA,NA,NA,NA,NA,NA,NA,NA,NA,NA,NA
results/algorithm1/alg1-prob-2-300|300-ul-2_4.json,2,630,160,155,470,12,2,19925,19784,19913,19782,300,300,159,2,154,2,141,298,NA,NA,NA,NA,NA,NA,NA,NA,NA,NA,NA,NA,NA,NA,NA,NA,NA,NA,NA,NA,NA,NA
results/algorithm1/alg1-prob-2-300|300-ul-2_5.json,2,612,160,155,452,8,135,19924,19784,19916,19649,300,300,159,2,154,2,141,298,NA,NA,NA,NA,NA,NA,NA,NA,NA,NA,NA,NA,NA,NA,NA,NA,NA,NA,NA,NA,NA,NA
results/algorithm1/alg1-prob-2-300|300-uu-2_1.json,2,799,3,3,796,31,123,19999,20000,19968,19877,300,300,2,2,2,2,298,298,NA,NA,NA,NA,NA,NA,NA,NA,NA,NA,NA,NA,NA,NA,NA,NA,NA,NA,NA,NA,NA,NA
results/algorithm1/alg1-prob-2-300|300-uu-2_2.json,2,764,3,3,761,59,45,20000,20000,19941,19955,300,300,2,2,2,2,298,298,NA,NA,NA,NA,NA,NA,NA,NA,NA,NA,NA,NA,NA,NA,NA,NA,NA,NA,NA,NA,NA,NA
results/algorithm1/alg1-prob-2-300|300-uu-2_3.json,2,820,3,3,817,177,52,20000,19999,19823,19947,300,300,2,2,2,2,298,298,NA,NA,NA,NA,NA,NA,NA,NA,NA,NA,NA,NA,NA,NA,NA,NA,NA,NA,NA,NA,NA,NA
results/algorithm1/alg1-prob-2-300|300-uu-2_4.json,2,825,3,3,822,17,155,19999,20000,19982,19845,300,300,2,2,2,2,298,298,NA,NA,NA,NA,NA,NA,NA,NA,NA,NA,NA,NA,NA,NA,NA,NA,NA,NA,NA,NA,NA,NA
results/algorithm1/alg1-prob-2-300|300-uu-2_5.json,2,707,3,3,704,176,34,20000,19999,19824,19965,300,300,2,2,2,2,298,298,NA,NA,NA,NA,NA,NA,NA,NA,NA,NA,NA,NA,NA,NA,NA,NA,NA,NA,NA,NA,NA,NA
results/algorithm1/alg1-prob-2-50|50-ll-2_1.json,2,367,89,89,278,32,9,19572,18990,19540,18981,50,50,42,48,42,48,8,2,NA,NA,NA,NA,NA,NA,NA,NA,NA,NA,NA,NA,NA,NA,NA,NA,NA,NA,NA,NA,NA,NA
results/algorithm1/alg1-prob-2-50|50-ll-2_2.json,2,380,90,88,290,7,4,19694,19589,19687,19585,50,50,43,48,43,46,7,2,NA,NA,NA,NA,NA,NA,NA,NA,NA,NA,NA,NA,NA,NA,NA,NA,NA,NA,NA,NA,NA,NA
results/algorithm1/alg1-prob-2-50|50-ll-2_3.json,2,422,88,88,334,5,9,19522,19547,19517,19538,50,50,47,42,47,42,3,8,NA,NA,NA,NA,NA,NA,NA,NA,NA,NA,NA,NA,NA,NA,NA,NA,NA,NA,NA,NA,NA,NA
results/algorithm1/alg1-prob-2-50|50-ll-2_4.json,2,382,92,90,290,8,2,19773,19457,19765,19455,50,50,50,43,48,43,0,7,NA,NA,NA,NA,NA,NA,NA,NA,NA,NA,NA,NA,NA,NA,NA,NA,NA,NA,NA,NA,NA,NA
results/algorithm1/alg1-prob-2-50|50-ll-2_5.json,2,378,93,92,285,22,7,19517,19159,19495,19152,50,50,47,47,47,46,3,3,NA,NA,NA,NA,NA,NA,NA,NA,NA,NA,NA,NA,NA,NA,NA,NA,NA,NA,NA,NA,NA,NA
results/algorithm1/alg1-prob-2-50|50-mm-2_1.json,2,297,21,21,276,57,40,18226,18945,18169,18905,50,50,9,13,9,13,41,37,NA,NA,NA,NA,NA,NA,NA,NA,NA,NA,NA,NA,NA,NA,NA,NA,NA,NA,NA,NA,NA,NA
results/algorithm1/alg1-prob-2-50|50-mm-2_2.json,2,281,17,17,264,75,21,18346,18452,18271,18431,50,50,10,8,10,8,40,42,NA,NA,NA,NA,NA,NA,NA,NA,NA,NA,NA,NA,NA,NA,NA,NA,NA,NA,NA,NA,NA,NA
results/algorithm1/alg1-prob-2-50|50-mm-2_3.json,2,300,14,14,286,81,370,17186,18058,17105,17688,50,50,9,6,9,6,41,44,NA,NA,NA,NA,NA,NA,NA,NA,NA,NA,NA,NA,NA,NA,NA,NA,NA,NA,NA,NA,NA,NA
results/algorithm1/alg1-prob-2-50|50-mm-2_4.json,2,237,13,13,224,21,57,18131,17049,18110,16992,50,50,5,9,5,9,45,41,NA,NA,NA,NA,NA,NA,NA,NA,NA,NA,NA,NA,NA,NA,NA,NA,NA,NA,NA,NA,NA,NA
results/algorithm1/alg1-prob-2-50|50-mm-2_5.json,2,336,16,16,320,47,36,18565,18187,18518,18151,50,50,8,9,8,9,42,41,NA,NA,NA,NA,NA,NA,NA,NA,NA,NA,NA,NA,NA,NA,NA,NA,NA,NA,NA,NA,NA,NA
results/algorithm1/alg1-prob-2-50|50-ul-2_1.json,2,173,48,48,125,225,101,19851,19788,19626,19687,50,50,47,2,47,2,3,48,NA,NA,NA,NA,NA,NA,NA,NA,NA,NA,NA,NA,NA,NA,NA,NA,NA,NA,NA,NA,NA,NA
results/algorithm1/alg1-prob-2-50|50-ul-2_2.json,2,245,49,47,196,1103,44,19718,19908,18615,19864,50,50,48,2,46,2,2,48,NA,NA,NA,NA,NA,NA,NA,NA,NA,NA,NA,NA,NA,NA,NA,NA,NA,NA,NA,NA,NA,NA
results/algorithm1/alg1-prob-2-50|50-ul-2_3.json,2,151,45,45,106,137,301,19181,19798,19044,19497,50,50,44,2,44,2,6,48,NA,NA,NA,NA,NA,NA,NA,NA,NA,NA,NA,NA,NA,NA,NA,NA,NA,NA,NA,NA,NA,NA
results/algorithm1/alg1-prob-2-50|50-ul-2_4.json,2,239,44,44,195,1110,40,19976,19559,18866,19519,50,50,43,2,43,2,7,48,NA,NA,NA,NA,NA,NA,NA,NA,NA,NA,NA,NA,NA,NA,NA,NA,NA,NA,NA,NA,NA,NA
results/algorithm1/alg1-prob-2-50|50-ul-2_5.json,2,183,48,48,135,225,100,19943,19790,19718,19690,50,50,47,2,47,2,3,48,NA,NA,NA,NA,NA,NA,NA,NA,NA,NA,NA,NA,NA,NA,NA,NA,NA,NA,NA,NA,NA,NA
results/algorithm1/alg1-prob-2-50|50-uu-2_1.json,2,168,3,3,165,313,308,19996,19997,19683,19689,50,50,2,2,2,2,48,48,NA,NA,NA,NA,NA,NA,NA,NA,NA,NA,NA,NA,NA,NA,NA,NA,NA,NA,NA,NA,NA,NA
results/algorithm1/alg1-prob-2-50|50-uu-2_2.json,2,219,3,3,216,651,419,19994,19989,19343,19570,50,50,2,2,2,2,48,48,NA,NA,NA,NA,NA,NA,NA,NA,NA,NA,NA,NA,NA,NA,NA,NA,NA,NA,NA,NA,NA,NA
results/algorithm1/alg1-prob-2-50|50-uu-2_3.json,2,218,3,3,215,876,408,19995,19977,19119,19569,50,50,2,2,2,2,48,48,NA,NA,NA,NA,NA,NA,NA,NA,NA,NA,NA,NA,NA,NA,NA,NA,NA,NA,NA,NA,NA,NA
results/algorithm1/alg1-prob-2-50|50-uu-2_4.json,2,203,3,3,200,1238,308,19996,19938,18758,19630,50,50,2,2,2,2,48,48,NA,NA,NA,NA,NA,NA,NA,NA,NA,NA,NA,NA,NA,NA,NA,NA,NA,NA,NA,NA,NA,NA
results/algorithm1/alg1-prob-2-50|50-uu-2_5.json,2,207,3,3,204,1518,1051,19949,19930,18431,18879,50,50,2,2,2,2,48,48,NA,NA,NA,NA,NA,NA,NA,NA,NA,NA,NA,NA,NA,NA,NA,NA,NA,NA,NA,NA,NA,NA
results/algorithm1/alg1-prob-2-50|50|50-lll-3_1.json,2,1285,139,135,1146,10,3,29624,29247,29614,29244,50,50,50,43,48,43,0,7,50,47,47,3,NA,NA,NA,NA,NA,NA,NA,NA,NA,NA,NA,NA,NA,NA,NA,NA,NA,NA
results/algorithm1/alg1-prob-2-50|50|50-lll-3_2.json,2,1313,133,129,1180,7,43,28615,29344,28608,29301,50,50,42,47,42,47,8,3,50,44,44,6,NA,NA,NA,NA,NA,NA,NA,NA,NA,NA,NA,NA,NA,NA,NA,NA,NA,NA
results/algorithm1/alg1-prob-2-50|50|50-lll-3_3.json,2,1369,137,135,1232,6,34,28979,29381,28973,29347,50,50,47,47,47,47,3,3,50,44,44,6,NA,NA,NA,NA,NA,NA,NA,NA,NA,NA,NA,NA,NA,NA,NA,NA,NA,NA
results/algorithm1/alg1-prob-2-50|50|50-lll-3_4.json,2,1259,149,137,1110,32,3,29641,28862,29609,28859,50,50,50,48,48,48,0,2,50,47,47,3,NA,NA,NA,NA,NA,NA,NA,NA,NA,NA,NA,NA,NA,NA,NA,NA,NA,NA
results/algorithm1/alg1-prob-2-50|50|50-lll-3_5.json,2,1259,149,137,1110,32,3,29641,28862,29609,28859,50,50,50,48,48,48,0,2,50,47,47,3,NA,NA,NA,NA,NA,NA,NA,NA,NA,NA,NA,NA,NA,NA,NA,NA,NA,NA
results/algorithm1/alg1-prob-2-50|50|50-mmm-3_1.json,2,758,20,20,738,19,53,26973,26667,26954,26614,50,50,9,8,9,8,41,42,50,5,5,45,NA,NA,NA,NA,NA,NA,NA,NA,NA,NA,NA,NA,NA,NA,NA,NA,NA,NA
results/algorithm1/alg1-prob-2-50|50|50-mmm-3_2.json,2,791,23,23,768,70,67,27248,28029,27178,27962,50,50,9,8,9,8,41,42,50,8,8,42,NA,NA,NA,NA,NA,NA,NA,NA,NA,NA,NA,NA,NA,NA,NA,NA,NA,NA
results/algorithm1/alg1-prob-2-50|50|50-mmm-3_3.json,2,684,28,28,656,68,79,26837,28401,26769,28322,50,50,8,13,8,13,42,37,50,9,9,41,NA,NA,NA,NA,NA,NA,NA,NA,NA,NA,NA,NA,NA,NA,NA,NA,NA,NA
results/algorithm1/alg1-prob-2-50|50|50-mmm-3_4.json,2,647,26,26,621,73,24,27401,26522,27328,26498,50,50,10,5,10,5,40,45,50,13,13,37,NA,NA,NA,NA,NA,NA,NA,NA,NA,NA,NA,NA,NA,NA,NA,NA,NA,NA
results/algorithm1/alg1-prob-2-50|50|50-mmm-3_5.json,2,664,21,21,643,29,80,27027,26562,26998,26482,50,50,9,5,9,5,41,45,50,9,9,41,NA,NA,NA,NA,NA,NA,NA,NA,NA,NA,NA,NA,NA,NA,NA,NA,NA,NA
results/algorithm1/alg1-prob-2-50|50|50-ull-3_1.json,2,659,95,92,564,386,70,29384,29331,28998,29261,50,50,48,47,46,46,2,3,50,2,2,48,NA,NA,NA,NA,NA,NA,NA,NA,NA,NA,NA,NA,NA,NA,NA,NA,NA,NA
results/algorithm1/alg1-prob-2-50|50|50-ull-3_2.json,2,614,90,90,524,150,144,29826,29409,29676,29265,50,50,43,47,43,47,7,3,50,2,2,48,NA,NA,NA,NA,NA,NA,NA,NA,NA,NA,NA,NA,NA,NA,NA,NA,NA,NA
results/algorithm1/alg1-prob-2-50|50|50-ull-3_3.json,2,593,87,87,506,144,301,29157,29418,29013,29117,50,50,43,44,43,44,7,6,50,2,2,48,NA,NA,NA,NA,NA,NA,NA,NA,NA,NA,NA,NA,NA,NA,NA,NA,NA,NA
results/algorithm1/alg1-prob-2-50|50|50-ull-3_4.json,2,961,91,87,870,1106,53,29297,29663,28191,29610,50,50,42,48,42,46,8,2,50,2,2,48,NA,NA,NA,NA,NA,NA,NA,NA,NA,NA,NA,NA,NA,NA,NA,NA,NA,NA
results/algorithm1/alg1-prob-2-50|50|50-ull-3_5.json,2,654,93,91,561,374,62,29773,29450,29399,29388,50,50,50,43,48,43,0,7,50,2,2,48,NA,NA,NA,NA,NA,NA,NA,NA,NA,NA,NA,NA,NA,NA,NA,NA,NA,NA
results/algorithm1/alg1-prob-2-50|50|50-uuu-3_1.json,2,475,4,4,471,1467,283,29999,29936,28532,29653,50,50,2,2,2,2,48,48,50,2,2,48,NA,NA,NA,NA,NA,NA,NA,NA,NA,NA,NA,NA,NA,NA,NA,NA,NA,NA
results/algorithm1/alg1-prob-2-50|50|50-uuu-3_2.json,2,429,4,4,425,1692,200,30000,29930,28308,29730,50,50,2,2,2,2,48,48,50,2,2,48,NA,NA,NA,NA,NA,NA,NA,NA,NA,NA,NA,NA,NA,NA,NA,NA,NA,NA
results/algorithm1/alg1-prob-2-50|50|50-uuu-3_3.json,2,350,4,4,346,972,491,29994,29976,29022,29485,50,50,2,2,2,2,48,48,50,2,2,48,NA,NA,NA,NA,NA,NA,NA,NA,NA,NA,NA,NA,NA,NA,NA,NA,NA,NA
results/algorithm1/alg1-prob-2-50|50|50-uuu-3_4.json,2,536,4,4,532,1011,676,29991,29976,28980,29300,50,50,2,2,2,2,48,48,50,2,2,48,NA,NA,NA,NA,NA,NA,NA,NA,NA,NA,NA,NA,NA,NA,NA,NA,NA,NA
results/algorithm1/alg1-prob-2-50|50|50-uuu-3_5.json,2,386,4,4,382,1291,537,29993,29938,28702,29401,50,50,2,2,2,2,48,48,50,2,2,48,NA,NA,NA,NA,NA,NA,NA,NA,NA,NA,NA,NA,NA,NA,NA,NA,NA,NA
results/algorithm1/alg1-prob-2-50|50|50|50-llll-4_1.json,2,2831,186,179,2645,53,40,38695,38193,38642,38153,50,50,48,47,48,47,2,3,50,47,46,3,50,44,44,6,NA,NA,NA,NA,NA,NA,NA,NA,NA,NA,NA,NA,NA,NA
results/algorithm1/alg1-prob-2-50|50|50|50-llll-4_2.json,2,2822,187,184,2635,24,11,39163,38939,39139,38928,50,50,48,47,46,47,2,3,50,48,48,2,50,47,46,3,NA,NA,NA,NA,NA,NA,NA,NA,NA,NA,NA,NA,NA,NA
results/algorithm1/alg1-prob-2-50|50|50|50-llll-4_3.json,2,2882,182,182,2700,36,9,39443,38593,39407,38584,50,50,47,42,47,42,3,8,50,48,48,2,50,48,48,2,NA,NA,NA,NA,NA,NA,NA,NA,NA,NA,NA,NA,NA,NA
results/algorithm1/alg1-prob-2-50|50|50|50-llll-4_4.json,2,2992,183,178,2809,25,19,38891,38904,38866,38885,50,50,42,48,42,46,8,2,50,48,48,2,50,47,46,3,NA,NA,NA,NA,NA,NA,NA,NA,NA,NA,NA,NA,NA,NA
results/algorithm1/alg1-prob-2-50|50|50|50-llll-4_5.json,2,3014,186,173,2828,6,48,38279,39360,38273,39312,50,50,50,42,48,42,0,8,50,48,46,2,50,44,44,6,NA,NA,NA,NA,NA,NA,NA,NA,NA,NA,NA,NA,NA,NA
results/algorithm1/alg1-prob-2-50|50|50|50-mmmm-4_1.json,2,1472,28,28,1444,33,42,35524,36164,35491,36122,50,50,10,8,10,8,40,42,50,8,8,42,50,5,5,45,NA,NA,NA,NA,NA,NA,NA,NA,NA,NA,NA,NA,NA,NA
results/algorithm1/alg1-prob-2-50|50|50|50-mmmm-4_2.json,2,1514,24,24,1490,54,399,34151,36099,34097,35700,50,50,8,8,8,8,42,42,50,5,5,45,50,6,6,44,NA,NA,NA,NA,NA,NA,NA,NA,NA,NA,NA,NA,NA,NA
results/algorithm1/alg1-prob-2-50|50|50|50-mmmm-4_3.json,2,1503,29,29,1474,100,432,34693,37027,34593,36595,50,50,8,9,8,9,42,41,50,9,9,41,50,6,6,44,NA,NA,NA,NA,NA,NA,NA,NA,NA,NA,NA,NA,NA,NA
results/algorithm1/alg1-prob-2-50|50|50|50-mmmm-4_4.json,2,1413,26,26,1387,76,59,35174,36540,35098,36481,50,50,8,8,8,8,42,42,50,5,5,45,50,8,8,42,NA,NA,NA,NA,NA,NA,NA,NA,NA,NA,NA,NA,NA,NA
results/algorithm1/alg1-prob-2-50|50|50|50-mmmm-4_5.json,2,1391,32,32,1359,124,105,36513,37009,36389,36904,50,50,9,8,9,8,41,42,50,9,9,41,50,9,9,41,NA,NA,NA,NA,NA,NA,NA,NA,NA,NA,NA,NA,NA,NA
results/algorithm1/alg1-prob-2-50|50|50|50-uull-4_1.json,2,1009,87,87,922,468,441,38758,39548,38290,39107,50,50,42,44,42,44,8,6,50,2,2,48,50,2,2,48,NA,NA,NA,NA,NA,NA,NA,NA,NA,NA,NA,NA,NA,NA
results/algorithm1/alg1-prob-2-50|50|50|50-uull-4_2.json,2,935,96,96,839,336,713,39859,39599,39523,38886,50,50,47,48,47,48,3,2,50,2,2,48,50,2,2,48,NA,NA,NA,NA,NA,NA,NA,NA,NA,NA,NA,NA,NA,NA
results/algorithm1/alg1-prob-2-50|50|50|50-uull-4_3.json,2,978,99,97,879,322,185,39724,39645,39402,39460,50,50,50,48,48,48,0,2,50,2,2,48,50,2,2,48,NA,NA,NA,NA,NA,NA,NA,NA,NA,NA,NA,NA,NA,NA
results/algorithm1/alg1-prob-2-50|50|50|50-uull-4_4.json,2,1287,97,95,1190,1328,144,39646,39717,38318,39573,50,50,48,48,46,48,2,2,50,2,2,48,50,2,2,48,NA,NA,NA,NA,NA,NA,NA,NA,NA,NA,NA,NA,NA,NA
results/algorithm1/alg1-prob-2-50|50|50|50-uull-4_5.json,2,878,96,96,782,280,412,39774,39599,39494,39187,50,50,47,48,47,48,3,2,50,2,2,48,50,2,2,48,NA,NA,NA,NA,NA,NA,NA,NA,NA,NA,NA,NA,NA,NA
results/algorithm1/alg1-prob-2-50|50|50|50-uuuu-4_1.json,2,741,5,5,736,2257,676,39991,39910,37734,39234,50,50,2,2,2,2,48,48,50,2,2,48,50,2,2,48,NA,NA,NA,NA,NA,NA,NA,NA,NA,NA,NA,NA,NA,NA
results/algorithm1/alg1-prob-2-50|50|50|50-uuuu-4_2.json,2,605,5,5,600,1013,1678,39939,39984,38926,38306,50,50,2,2,2,2,48,48,50,2,2,48,50,2,2,48,NA,NA,NA,NA,NA,NA,NA,NA,NA,NA,NA,NA,NA,NA
results/algorithm1/alg1-prob-2-50|50|50|50-uuuu-4_3.json,2,605,5,5,600,2069,656,39991,39915,37922,39259,50,50,2,2,2,2,48,48,50,2,2,48,50,2,2,48,NA,NA,NA,NA,NA,NA,NA,NA,NA,NA,NA,NA,NA,NA
results/algorithm1/alg1-prob-2-50|50|50|50-uuuu-4_4.json,2,594,5,5,589,501,805,39989,39996,39488,39191,50,50,2,2,2,2,48,48,50,2,2,48,50,2,2,48,NA,NA,NA,NA,NA,NA,NA,NA,NA,NA,NA,NA,NA,NA
results/algorithm1/alg1-prob-2-50|50|50|50-uuuu-4_5.json,2,684,5,5,679,583,762,39990,39995,39407,39233,50,50,2,2,2,2,48,48,50,2,2,48,50,2,2,48,NA,NA,NA,NA,NA,NA,NA,NA,NA,NA,NA,NA,NA,NA
results/algorithm1/alg1-prob-2-50|50|50|50|50-lllll-5_1.json,2,4974,230,229,4744,55,39,48715,48006,48660,47967,50,50,47,48,47,48,3,2,50,48,48,2,50,47,46,3,0.7185,50,44,44,6,NA,NA,NA,NA,NA,NA,NA,NA,NA
results/algorithm1/alg1-prob-2-50|50|50|50|50-lllll-5_2.json,2,5248,229,221,5019,13,38,48658,48989,48645,48951,50,50,43,48,43,46,7,2,50,47,47,3,50,48,48,2,0.7987,50,44,44,6,NA,NA,NA,NA,NA,NA,NA,NA,NA
results/algorithm1/alg1-prob-2-50|50|50|50|50-lllll-5_3.json,2,5099,235,226,4864,12,7,49270,49027,49258,49020,50,50,50,43,48,43,0,7,50,48,46,2,50,47,47,3,0.7222,50,48,48,2,NA,NA,NA,NA,NA,NA,NA,NA,NA
results/algorithm1/alg1-prob-2-50|50|50|50|50-lllll-5_4.json,2,5324,234,219,5090,12,40,48527,49015,48515,48975,50,50,50,43,48,43,0,7,50,48,46,2,50,47,47,3,0.8026,50,44,44,6,NA,NA,NA,NA,NA,NA,NA,NA,NA
results/algorithm1/alg1-prob-2-50|50|50|50|50-lllll-5_5.json,2,5433,228,215,5205,13,48,48255,48980,48242,48932,50,50,50,43,48,43,0,7,50,42,42,8,50,48,46,2,0.7776,50,44,44,6,NA,NA,NA,NA,NA,NA,NA,NA,NA
results/algorithm1/alg1-prob-2-50|50|50|50|50-mmmmm-5_1.json,2,2258,46,46,2212,130,105,46193,46065,46063,45960,50,50,10,9,10,9,40,41,50,13,13,37,50,9,9,41,0.3791,50,9,9,41,NA,NA,NA,NA,NA,NA,NA,NA,NA
results/algorithm1/alg1-prob-2-50|50|50|50|50-mmmmm-5_2.json,2,2252,41,41,2211,164,422,45005,45959,44841,45537,50,50,10,8,10,8,40,42,50,13,13,37,50,8,8,42,0.3875,50,6,6,44,NA,NA,NA,NA,NA,NA,NA,NA,NA
results/algorithm1/alg1-prob-2-50|50|50|50|50-mmmmm-5_3.json,2,2227,37,37,2190,131,442,43828,46394,43697,45952,50,50,10,8,10,8,40,42,50,8,8,42,50,9,9,41,0.3716,50,6,6,44,NA,NA,NA,NA,NA,NA,NA,NA,NA
results/algorithm1/alg1-prob-2-50|50|50|50|50-mmmmm-5_4.json,2,2445,37,37,2408,105,470,44844,45670,44739,45200,50,50,9,8,9,8,41,42,50,9,9,41,50,9,9,41,0.4471,50,6,6,44,NA,NA,NA,NA,NA,NA,NA,NA,NA
results/algorithm1/alg1-prob-2-50|50|50|50|50-mmmmm-5_5.json,2,2294,34,34,2260,75,399,43041,45548,42966,45149,50,50,10,8,10,8,40,42,50,9,9,41,50,5,5,45,0.4093,50,6,6,44,NA,NA,NA,NA,NA,NA,NA,NA,NA
results/algorithm1/alg1-prob-2-50|50|50|50|50-uuull-5_1.json,2,1383,88,88,1295,733,1361,48709,49542,47976,48181,50,50,42,44,42,44,8,6,50,2,2,48,50,2,2,48,0.1436,50,2,2,48,NA,NA,NA,NA,NA,NA,NA,NA,NA
results/algorithm1/alg1-prob-2-50|50|50|50|50-uuull-5_2.json,2,1512,92,92,1420,1763,460,49821,49338,48058,48878,50,50,43,47,43,47,7,3,50,2,2,48,50,2,2,48,0.2374,50,2,2,48,NA,NA,NA,NA,NA,NA,NA,NA,NA
results/algorithm1/alg1-prob-2-50|50|50|50|50-uuull-5_3.json,2,1793,93,93,1700,1983,481,49123,49507,47140,49026,50,50,47,44,47,44,3,6,50,2,2,48,50,2,2,48,0.2237,50,2,2,48,NA,NA,NA,NA,NA,NA,NA,NA,NA
results/algorithm1/alg1-prob-2-50|50|50|50|50-uuull-5_4.json,2,1709,92,90,1617,1615,253,49429,49476,47814,49223,50,50,42,47,42,47,8,3,50,2,2,48,50,2,2,48,0.2114,50,2,2,48,NA,NA,NA,NA,NA,NA,NA,NA,NA
results/algorithm1/alg1-prob-2-50|50|50|50|50-uuull-5_5.json,2,1514,91,90,1423,945,1229,49193,49107,48248,47878,50,50,42,47,42,46,8,3,50,2,2,48,50,2,2,48,0.24,50,2,2,48,NA,NA,NA,NA,NA,NA,NA,NA,NA
results/algorithm1/alg1-prob-2-50|50|50|50|50-uuuuu-5_1.json,2,1112,6,6,1106,1880,697,49993,49929,48113,49232,50,50,2,2,2,2,48,48,50,2,2,48,50,2,2,48,0.2387,50,2,2,48,NA,NA,NA,NA,NA,NA,NA,NA,NA
results/algorithm1/alg1-prob-2-50|50|50|50|50-uuuuu-5_2.json,2,876,6,6,870,1829,762,49990,49929,48161,49167,50,50,2,2,2,2,48,48,50,2,2,48,50,2,2,48,0.1771,50,2,2,48,NA,NA,NA,NA,NA,NA,NA,NA,NA
results/algorithm1/alg1-prob-2-50|50|50|50|50-uuuuu-5_3.json,2,766,6,6,760,1011,1081,49984,49986,48973,48905,50,50,2,2,2,2,48,48,50,2,2,48,50,2,2,48,0.1502,50,2,2,48,NA,NA,NA,NA,NA,NA,NA,NA,NA
results/algorithm1/alg1-prob-2-50|50|50|50|50-uuuuu-5_4.json,2,1025,6,6,1019,1686,802,49990,49934,48304,49132,50,50,2,2,2,2,48,48,50,2,2,48,50,2,2,48,0.2014,50,2,2,48,NA,NA,NA,NA,NA,NA,NA,NA,NA
results/algorithm1/alg1-prob-2-50|50|50|50|50-uuuuu-5_5.json,2,1209,6,6,1203,2122,1593,49942,49923,47820,48330,50,50,2,2,2,2,48,48,50,2,2,48,50,2,2,48,0.1991,50,2,2,48,NA,NA,NA,NA,NA,NA,NA,NA,NA
results/algorithm1/alg1-prob-2-600|600-ll-2_1.json,2,6705,440,350,6265,1,0,19850,19804,19849,19804,600,600,199,208,186,181,401,392,NA,NA,NA,NA,NA,NA,NA,NA,NA,NA,NA,NA,NA,NA,NA,NA,NA,NA,NA,NA,NA,NA
results/algorithm1/alg1-prob-2-600|600-ll-2_2.json,2,6647,396,360,6251,0,0,19853,19841,19853,19841,600,600,188,201,180,188,412,399,NA,NA,NA,NA,NA,NA,NA,NA,NA,NA,NA,NA,NA,NA,NA,NA,NA,NA,NA,NA,NA,NA
results/algorithm1/alg1-prob-2-600|600-ll-2_3.json,2,6685,421,367,6264,0,0,19857,19816,19857,19816,600,600,199,209,186,191,401,391,NA,NA,NA,NA,NA,NA,NA,NA,NA,NA,NA,NA,NA,NA,NA,NA,NA,NA,NA,NA,NA,NA
results/algorithm1/alg1-prob-2-600|600-ll-2_4.json,2,6700,480,355,6220,0,1,19808,19809,19808,19808,600,600,202,207,188,182,398,393,NA,NA,NA,NA,NA,NA,NA,NA,NA,NA,NA,NA,NA,NA,NA,NA,NA,NA,NA,NA,NA,NA
results/algorithm1/alg1-prob-2-600|600-ll-2_5.json,2,6620,448,359,6172,0,1,19785,19825,19785,19824,600,600,201,207,188,182,399,393,NA,NA,NA,NA,NA,NA,NA,NA,NA,NA,NA,NA,NA,NA,NA,NA,NA,NA,NA,NA,NA,NA
results/algorithm1/alg1-prob-2-600|600-mm-2_1.json,2,6398,1224,20,5174,0,0,16329,16314,16329,16314,600,600,38,52,11,11,562,548,NA,NA,NA,NA,NA,NA,NA,NA,NA,NA,NA,NA,NA,NA,NA,NA,NA,NA,NA,NA,NA,NA
results/algorithm1/alg1-prob-2-600|600-mm-2_2.json,2,6364,948,21,5416,0,0,16800,16327,16800,16327,600,600,43,38,12,11,557,562,NA,NA,NA,NA,NA,NA,NA,NA,NA,NA,NA,NA,NA,NA,NA,NA,NA,NA,NA,NA,NA,NA
results/algorithm1/alg1-prob-2-600|600-mm-2_3.json,2,6405,1276,15,5129,0,0,16188,16343,16188,16343,600,600,35,52,6,11,565,548,NA,NA,NA,NA,NA,NA,NA,NA,NA,NA,NA,NA,NA,NA,NA,NA,NA,NA,NA,NA,NA,NA
results/algorithm1/alg1-prob-2-600|600-mm-2_4.json,2,6440,1354,21,5086,0,0,16839,16305,16839,16305,600,600,43,52,12,11,557,548,NA,NA,NA,NA,NA,NA,NA,NA,NA,NA,NA,NA,NA,NA,NA,NA,NA,NA,NA,NA,NA,NA
results/algorithm1/alg1-prob-2-600|600-mm-2_5.json,2,6195,880,14,5315,0,0,16613,16248,16613,16248,600,600,37,35,10,6,563,565,NA,NA,NA,NA,NA,NA,NA,NA,NA,NA,NA,NA,NA,NA,NA,NA,NA,NA,NA,NA,NA,NA
results/algorithm1/alg1-prob-2-600|600-ul-2_1.json,2,1230,220,194,1010,13,48,19842,19907,19829,19859,600,600,219,2,193,2,381,598,NA,NA,NA,NA,NA,NA,NA,NA,NA,NA,NA,NA,NA,NA,NA,NA,NA,NA,NA,NA,NA,NA
results/algorithm1/alg1-prob-2-600|600-ul-2_2.json,2,1207,210,192,997,4,21,19938,19903,19934,19882,600,600,209,2,191,2,391,598,NA,NA,NA,NA,NA,NA,NA,NA,NA,NA,NA,NA,NA,NA,NA,NA,NA,NA,NA,NA,NA,NA
results/algorithm1/alg1-prob-2-600|600-ul-2_3.json,2,1220,208,183,1012,14,24,19870,19909,19856,19885,600,600,207,2,182,2,393,598,NA,NA,NA,NA,NA,NA,NA,NA,NA,NA,NA,NA,NA,NA,NA,NA,NA,NA,NA,NA,NA,NA
results/algorithm1/alg1-prob-2-600|600-ul-2_4.json,2,1202,189,181,1013,0,4,19938,19925,19938,19921,600,600,188,2,180,2,412,598,NA,NA,NA,NA,NA,NA,NA,NA,NA,NA,NA,NA,NA,NA,NA,NA,NA,NA,NA,NA,NA,NA
results/algorithm1/alg1-prob-2-600|600-ul-2_5.json,2,1202,206,189,996,36,21,19963,19908,19927,19887,600,600,205,2,189,2,395,598,NA,NA,NA,NA,NA,NA,NA,NA,NA,NA,NA,NA,NA,NA,NA,NA,NA,NA,NA,NA,NA,NA
results/algorithm1/alg1-prob-2-600|600-uu-2_1.json,2,2091,3,3,2088,31,45,20000,20000,19969,19955,600,600,2,2,2,2,598,598,NA,NA,NA,NA,NA,NA,NA,NA,NA,NA,NA,NA,NA,NA,NA,NA,NA,NA,NA,NA,NA,NA
results/algorithm1/alg1-prob-2-600|600-uu-2_2.json,2,1564,3,3,1561,14,27,20000,20000,19986,19973,600,600,2,2,2,2,598,598,NA,NA,NA,NA,NA,NA,NA,NA,NA,NA,NA,NA,NA,NA,NA,NA,NA,NA,NA,NA,NA,NA
results/algorithm1/alg1-prob-2-600|600-uu-2_3.json,2,1415,3,3,1412,13,51,20000,20000,19987,19949,600,600,2,2,2,2,598,598,NA,NA,NA,NA,NA,NA,NA,NA,NA,NA,NA,NA,NA,NA,NA,NA,NA,NA,NA,NA,NA,NA
results/algorithm1/alg1-prob-2-600|600-uu-2_4.json,2,1565,3,3,1562,21,61,20000,20000,19979,19939,600,600,2,2,2,2,598,598,NA,NA,NA,NA,NA,NA,NA,NA,NA,NA,NA,NA,NA,NA,NA,NA,NA,NA,NA,NA,NA,NA
results/algorithm1/alg1-prob-2-600|600-uu-2_5.json,2,1237,3,3,1234,104,135,20000,19999,19896,19864,600,600,2,2,2,2,598,598,NA,NA,NA,NA,NA,NA,NA,NA,NA,NA,NA,NA,NA,NA,NA,NA,NA,NA,NA,NA,NA,NA
results/algorithm1/alg1-prob-3-200|200-ll-2_1.json,3,5520,858,858,4662,82,41,19636,19833,19554,19792,200,200,200,200,200,200,0,0,NA,NA,NA,NA,NA,NA,NA,NA,NA,NA,NA,NA,NA,112,19953,19841,NA,NA,NA,NA,NA,NA
results/algorithm1/alg1-prob-3-200|200-ll-2_2.json,3,5548,856,856,4692,20,55,19917,19845,19897,19790,200,200,200,200,200,200,0,0,NA,NA,NA,NA,NA,NA,NA,NA,NA,NA,NA,NA,NA,64,19888,19824,NA,NA,NA,NA,NA,NA
results/algorithm1/alg1-prob-3-200|200-ll-2_3.json,3,5795,844,844,4951,148,39,19558,19887,19410,19848,200,200,200,200,200,200,0,0,NA,NA,NA,NA,NA,NA,NA,NA,NA,NA,NA,NA,NA,193,19874,19681,NA,NA,NA,NA,NA,NA
results/algorithm1/alg1-prob-3-200|200-ll-2_4.json,3,5395,853,853,4542,10,95,19739,19760,19729,19665,200,200,199,200,199,200,1,0,NA,NA,NA,NA,NA,NA,NA,NA,NA,NA,NA,NA,NA,65,19811,19746,NA,NA,NA,NA,NA,NA
results/algorithm1/alg1-prob-3-200|200-ll-2_5.json,3,5642,853,853,4789,123,59,19755,19851,19632,19792,200,200,200,200,200,200,0,0,NA,NA,NA,NA,NA,NA,NA,NA,NA,NA,NA,NA,NA,146,19756,19610,NA,NA,NA,NA,NA,NA
results/algorithm1/alg1-prob-3-200|200-mm-2_1.json,3,5544,92,92,5452,26,19,19134,19926,19108,19907,200,200,25,29,25,29,175,171,NA,NA,NA,NA,NA,NA,NA,NA,NA,NA,NA,NA,NA,34,19505,19471,NA,NA,NA,NA,NA,NA
results/algorithm1/alg1-prob-3-200|200-mm-2_2.json,3,5024,99,99,4925,44,33,19910,19359,19866,19326,200,200,34,25,34,25,166,175,NA,NA,NA,NA,NA,NA,NA,NA,NA,NA,NA,NA,NA,69,19942,19873,NA,NA,NA,NA,NA,NA
results/algorithm1/alg1-prob-3-200|200-mm-2_3.json,3,5190,101,101,5089,148,18,19965,19697,19817,19679,200,200,32,31,32,31,168,169,NA,NA,NA,NA,NA,NA,NA,NA,NA,NA,NA,NA,NA,32,19615,19583,NA,NA,NA,NA,NA,NA
results/algorithm1/alg1-prob-3-200|200-mm-2_4.json,3,5024,101,101,4923,17,28,19590,19625,19573,19597,200,200,34,29,34,29,166,171,NA,NA,NA,NA,NA,NA,NA,NA,NA,NA,NA,NA,NA,47,19561,19514,NA,NA,NA,NA,NA,NA
results/algorithm1/alg1-prob-3-200|200-mm-2_5.json,3,5405,92,92,5313,26,27,19852,19740,19826,19713,200,200,31,25,31,25,169,175,NA,NA,NA,NA,NA,NA,NA,NA,NA,NA,NA,NA,NA,4,19546,19542,NA,NA,NA,NA,NA,NA
results/algorithm1/alg1-prob-3-200|200-ul-2_1.json,3,2603,292,292,2311,13,28,19799,19820,19786,19792,200,200,200,12,200,12,0,188,NA,NA,NA,NA,NA,NA,NA,NA,NA,NA,NA,NA,NA,147,19920,19773,NA,NA,NA,NA,NA,NA
results/algorithm1/alg1-prob-3-200|200-ul-2_2.json,3,2425,269,269,2156,5,57,19933,19796,19928,19739,200,200,200,11,200,11,0,189,NA,NA,NA,NA,NA,NA,NA,NA,NA,NA,NA,NA,NA,216,19762,19546,NA,NA,NA,NA,NA,NA
results/algorithm1/alg1-prob-3-200|200-ul-2_3.json,3,2111,257,257,1854,82,47,19872,19961,19790,19914,200,200,200,9,200,9,0,191,NA,NA,NA,NA,NA,NA,NA,NA,NA,NA,NA,NA,NA,33,19885,19852,NA,NA,NA,NA,NA,NA
results/algorithm1/alg1-prob-3-200|200-ul-2_4.json,3,1802,267,267,1535,14,81,19882,19861,19868,19780,200,200,199,8,199,8,1,192,NA,NA,NA,NA,NA,NA,NA,NA,NA,NA,NA,NA,NA,39,19882,19843,NA,NA,NA,NA,NA,NA
results/algorithm1/alg1-prob-3-200|200-ul-2_5.json,3,2363,277,277,2086,8,57,19737,19841,19729,19784,200,200,200,11,200,11,0,189,NA,NA,NA,NA,NA,NA,NA,NA,NA,NA,NA,NA,NA,148,19914,19766,NA,NA,NA,NA,NA,NA
results/algorithm1/alg1-prob-3-200|200-uu-2_1.json,3,2537,33,33,2504,13,18,19813,19856,19800,19838,200,200,11,12,11,12,189,188,NA,NA,NA,NA,NA,NA,NA,NA,NA,NA,NA,NA,NA,320,19768,19448,NA,NA,NA,NA,NA,NA
results/algorithm1/alg1-prob-3-200|200-uu-2_2.json,3,2193,31,31,2162,163,62,19886,19761,19723,19699,200,200,11,12,11,12,189,188,NA,NA,NA,NA,NA,NA,NA,NA,NA,NA,NA,NA,NA,205,19791,19586,NA,NA,NA,NA,NA,NA
results/algorithm1/alg1-prob-3-200|200-uu-2_3.json,3,1754,30,30,1724,64,10,19932,19819,19868,19809,200,200,9,14,9,14,191,186,NA,NA,NA,NA,NA,NA,NA,NA,NA,NA,NA,NA,NA,71,19808,19737,NA,NA,NA,NA,NA,NA
results/algorithm1/alg1-prob-3-200|200-uu-2_4.json,3,1826,35,35,1791,69,74,19898,19941,19829,19867,200,200,15,9,15,9,185,191,NA,NA,NA,NA,NA,NA,NA,NA,NA,NA,NA,NA,NA,115,19931,19816,NA,NA,NA,NA,NA,NA
results/algorithm1/alg1-prob-3-200|200-uu-2_5.json,3,1746,28,28,1718,43,38,19798,19937,19755,19899,200,200,11,9,11,9,189,191,NA,NA,NA,NA,NA,NA,NA,NA,NA,NA,NA,NA,NA,174,19871,19697,NA,NA,NA,NA,NA,NA
results/algorithm1/alg1-prob-3-300|300-ll-2_1.json,3,9596,1294,1294,8302,132,100,19824,19907,19692,19807,300,300,300,300,300,300,0,0,NA,NA,NA,NA,NA,NA,NA,NA,NA,NA,NA,NA,NA,5,19924,19919,NA,NA,NA,NA,NA,NA
results/algorithm1/alg1-prob-3-300|300-ll-2_2.json,3,9737,1283,1283,8454,163,80,19777,19906,19614,19826,300,300,300,300,300,300,0,0,NA,NA,NA,NA,NA,NA,NA,NA,NA,NA,NA,NA,NA,13,19902,19889,NA,NA,NA,NA,NA,NA
results/algorithm1/alg1-prob-3-300|300-ll-2_3.json,3,9386,1281,1281,8105,28,75,19767,19891,19739,19816,300,300,300,299,300,299,0,1,NA,NA,NA,NA,NA,NA,NA,NA,NA,NA,NA,NA,NA,42,19956,19914,NA,NA,NA,NA,NA,NA
results/algorithm1/alg1-prob-3-300|300-ll-2_4.json,3,9425,1311,1311,8114,49,9,19956,19921,19907,19912,300,300,300,300,300,300,0,0,NA,NA,NA,NA,NA,NA,NA,NA,NA,NA,NA,NA,NA,25,19932,19907,NA,NA,NA,NA,NA,NA
results/algorithm1/alg1-prob-3-300|300-ll-2_5.json,3,9745,1276,1276,8469,96,12,19965,19848,19869,19836,300,300,300,300,300,300,0,0,NA,NA,NA,NA,NA,NA,NA,NA,NA,NA,NA,NA,NA,10,19869,19859,NA,NA,NA,NA,NA,NA
results/algorithm1/alg1-prob-3-300|300-mm-2_1.json,3,8547,129,129,8418,6,10,19815,19831,19809,19821,300,300,35,38,35,38,265,262,NA,NA,NA,NA,NA,NA,NA,NA,NA,NA,NA,NA,NA,20,19983,19963,NA,NA,NA,NA,NA,NA
results/algorithm1/alg1-prob-3-300|300-mm-2_2.json,3,9390,120,120,9270,15,18,19815,19740,19800,19722,300,300,33,39,33,39,267,261,NA,NA,NA,NA,NA,NA,NA,NA,NA,NA,NA,NA,NA,9,19708,19699,NA,NA,NA,NA,NA,NA
results/algorithm1/alg1-prob-3-300|300-mm-2_3.json,3,8641,143,143,8498,11,53,19529,19863,19518,19810,300,300,43,41,43,41,257,259,NA,NA,NA,NA,NA,NA,NA,NA,NA,NA,NA,NA,NA,5,19739,19734,NA,NA,NA,NA,NA,NA
results/algorithm1/alg1-prob-3-300|300-mm-2_4.json,3,9138,137,137,9001,8,47,19692,19840,19684,19793,300,300,38,41,38,41,262,259,NA,NA,NA,NA,NA,NA,NA,NA,NA,NA,NA,NA,NA,3,19917,19914,NA,NA,NA,NA,NA,NA
results/algorithm1/alg1-prob-3-300|300-mm-2_5.json,3,8711,114,114,8597,21,12,19915,19684,19894,19672,300,300,35,33,35,33,265,267,NA,NA,NA,NA,NA,NA,NA,NA,NA,NA,NA,NA,NA,13,19810,19797,NA,NA,NA,NA,NA,NA
results/algorithm1/alg1-prob-3-300|300-ul-2_1.json,3,3117,385,385,2732,36,52,19860,19969,19824,19917,300,300,299,12,299,12,1,288,NA,NA,NA,NA,NA,NA,NA,NA,NA,NA,NA,NA,NA,39,19932,19893,NA,NA,NA,NA,NA,NA
results/algorithm1/alg1-prob-3-300|300-ul-2_2.json,3,3035,378,378,2657,35,48,19957,19965,19922,19917,300,300,300,12,300,12,0,288,NA,NA,NA,NA,NA,NA,NA,NA,NA,NA,NA,NA,NA,45,19952,19907,NA,NA,NA,NA,NA,NA
results/algorithm1/alg1-prob-3-300|300-ul-2_3.json,3,3408,382,382,3026,24,57,19984,19913,19960,19856,300,300,300,9,300,9,0,291,NA,NA,NA,NA,NA,NA,NA,NA,NA,NA,NA,NA,NA,49,19996,19947,NA,NA,NA,NA,NA,NA
results/algorithm1/alg1-prob-3-300|300-ul-2_4.json,3,4008,367,367,3641,108,124,19842,19958,19734,19834,300,300,300,14,300,14,0,286,NA,NA,NA,NA,NA,NA,NA,NA,NA,NA,NA,NA,NA,36,19943,19907,NA,NA,NA,NA,NA,NA
results/algorithm1/alg1-prob-3-300|300-ul-2_5.json,3,2861,370,370,2491,59,39,19877,19986,19818,19947,300,300,299,8,299,8,1,292,NA,NA,NA,NA,NA,NA,NA,NA,NA,NA,NA,NA,NA,39,19963,19924,NA,NA,NA,NA,NA,NA
results/algorithm1/alg1-prob-3-300|300-uu-2_1.json,3,3130,34,34,3096,106,97,19963,19845,19857,19748,300,300,9,15,9,15,291,285,NA,NA,NA,NA,NA,NA,NA,NA,NA,NA,NA,NA,NA,14,19904,19890,NA,NA,NA,NA,NA,NA
results/algorithm1/alg1-prob-3-300|300-uu-2_2.json,3,3802,42,42,3760,116,83,19959,19882,19843,19799,300,300,14,15,14,15,286,285,NA,NA,NA,NA,NA,NA,NA,NA,NA,NA,NA,NA,NA,32,19870,19838,NA,NA,NA,NA,NA,NA
results/algorithm1/alg1-prob-3-300|300-uu-2_3.json,3,3226,33,33,3193,45,58,19954,19967,19909,19909,300,300,14,10,14,10,286,290,NA,NA,NA,NA,NA,NA,NA,NA,NA,NA,NA,NA,NA,88,19940,19852,NA,NA,NA,NA,NA,NA
results/algorithm1/alg1-prob-3-300|300-uu-2_4.json,3,2655,24,24,2631,60,7,19966,19991,19906,19984,300,300,8,10,8,10,292,290,NA,NA,NA,NA,NA,NA,NA,NA,NA,NA,NA,NA,NA,57,19962,19905,NA,NA,NA,NA,NA,NA
results/algorithm1/alg1-prob-3-300|300-uu-2_5.json,3,2961,32,32,2929,36,23,19982,19967,19946,19944,300,300,14,9,14,9,286,291,NA,NA,NA,NA,NA,NA,NA,NA,NA,NA,NA,NA,NA,72,19926,19854,NA,NA,NA,NA,NA,NA
results/algorithm1/alg1-prob-3-50|50-ll-2_1.json,3,833,202,202,631,102,25,19823,19796,19721,19771,50,50,50,50,50,50,0,0,NA,NA,NA,NA,NA,NA,NA,NA,NA,NA,NA,NA,NA,1112,19827,18715,NA,NA,NA,NA,NA,NA
results/algorithm1/alg1-prob-3-50|50-ll-2_2.json,3,794,203,203,591,324,45,19438,19044,19114,18999,50,50,50,50,50,50,0,0,NA,NA,NA,NA,NA,NA,NA,NA,NA,NA,NA,NA,NA,786,19933,19147,NA,NA,NA,NA,NA,NA
results/algorithm1/alg1-prob-3-50|50-ll-2_3.json,3,846,204,204,642,305,184,19891,19653,19586,19469,50,50,50,50,50,50,0,0,NA,NA,NA,NA,NA,NA,NA,NA,NA,NA,NA,NA,NA,841,18808,17967,NA,NA,NA,NA,NA,NA
results/algorithm1/alg1-prob-3-50|50-ll-2_4.json,3,844,197,197,647,219,293,19545,19336,19326,19043,50,50,50,50,50,50,0,0,NA,NA,NA,NA,NA,NA,NA,NA,NA,NA,NA,NA,NA,214,19505,19291,NA,NA,NA,NA,NA,NA
results/algorithm1/alg1-prob-3-50|50-ll-2_5.json,3,826,195,195,631,447,1092,19640,18844,19193,17752,50,50,50,50,50,50,0,0,NA,NA,NA,NA,NA,NA,NA,NA,NA,NA,NA,NA,NA,247,19282,19035,NA,NA,NA,NA,NA,NA
results/algorithm1/alg1-prob-3-50|50-mm-2_1.json,3,682,55,55,627,99,198,19574,19636,19475,19438,50,50,19,14,19,14,31,36,NA,NA,NA,NA,NA,NA,NA,NA,NA,NA,NA,NA,NA,426,19465,19039,NA,NA,NA,NA,NA,NA
results/algorithm1/alg1-prob-3-50|50-mm-2_2.json,3,734,43,43,691,141,59,18350,19670,18209,19611,50,50,15,12,15,12,35,38,NA,NA,NA,NA,NA,NA,NA,NA,NA,NA,NA,NA,NA,46,19726,19680,NA,NA,NA,NA,NA,NA
results/algorithm1/alg1-prob-3-50|50-mm-2_3.json,3,671,46,46,625,201,64,18685,19556,18484,19492,50,50,17,12,17,12,33,38,NA,NA,NA,NA,NA,NA,NA,NA,NA,NA,NA,NA,NA,17,19385,19368,NA,NA,NA,NA,NA,NA
results/algorithm1/alg1-prob-3-50|50-mm-2_4.json,3,649,53,53,596,356,255,19039,18910,18683,18655,50,50,16,17,16,17,34,33,NA,NA,NA,NA,NA,NA,NA,NA,NA,NA,NA,NA,NA,100,18025,17925,NA,NA,NA,NA,NA,NA
results/algorithm1/alg1-prob-3-50|50-mm-2_5.json,3,726,48,48,678,271,266,18356,19042,18085,18776,50,50,15,17,15,17,35,33,NA,NA,NA,NA,NA,NA,NA,NA,NA,NA,NA,NA,NA,87,19380,19293,NA,NA,NA,NA,NA,NA
results/algorithm1/alg1-prob-3-50|50-ul-2_1.json,3,655,83,83,572,453,154,19822,18959,19369,18805,50,50,50,9,50,9,0,41,NA,NA,NA,NA,NA,NA,NA,NA,NA,NA,NA,NA,NA,141,19294,19153,NA,NA,NA,NA,NA,NA
results/algorithm1/alg1-prob-3-50|50-ul-2_2.json,3,618,94,94,524,48,255,19558,19419,19510,19164,50,50,50,10,50,10,0,40,NA,NA,NA,NA,NA,NA,NA,NA,NA,NA,NA,NA,NA,550,19955,19405,NA,NA,NA,NA,NA,NA
results/algorithm1/alg1-prob-3-50|50-ul-2_3.json,3,484,85,85,399,258,225,19798,19831,19540,19606,50,50,50,9,50,9,0,41,NA,NA,NA,NA,NA,NA,NA,NA,NA,NA,NA,NA,NA,1067,19041,17974,NA,NA,NA,NA,NA,NA
results/algorithm1/alg1-prob-3-50|50-ul-2_4.json,3,518,87,87,431,312,152,19861,19718,19549,19566,50,50,50,10,50,10,0,40,NA,NA,NA,NA,NA,NA,NA,NA,NA,NA,NA,NA,NA,56,18780,18724,NA,NA,NA,NA,NA,NA
results/algorithm1/alg1-prob-3-50|50-ul-2_5.json,3,633,83,83,550,326,91,19816,19458,19490,19367,50,50,50,9,50,9,0,41,NA,NA,NA,NA,NA,NA,NA,NA,NA,NA,NA,NA,NA,923,19576,18653,NA,NA,NA,NA,NA,NA
results/algorithm1/alg1-prob-3-50|50-uu-2_1.json,3,547,22,22,525,159,199,19422,19629,19263,19430,50,50,10,7,10,7,40,43,NA,NA,NA,NA,NA,NA,NA,NA,NA,NA,NA,NA,NA,428,19946,19518,NA,NA,NA,NA,NA,NA
results/algorithm1/alg1-prob-3-50|50-uu-2_2.json,3,460,23,23,437,175,248,19905,19727,19730,19479,50,50,8,10,8,10,42,40,NA,NA,NA,NA,NA,NA,NA,NA,NA,NA,NA,NA,NA,247,19703,19456,NA,NA,NA,NA,NA,NA
results/algorithm1/alg1-prob-3-50|50-uu-2_3.json,3,501,27,27,474,283,272,19861,19740,19578,19468,50,50,9,10,9,10,41,40,NA,NA,NA,NA,NA,NA,NA,NA,NA,NA,NA,NA,NA,337,19132,18795,NA,NA,NA,NA,NA,NA
results/algorithm1/alg1-prob-3-50|50-uu-2_4.json,3,461,20,20,441,273,356,19669,19637,19396,19281,50,50,10,7,10,7,40,43,NA,NA,NA,NA,NA,NA,NA,NA,NA,NA,NA,NA,NA,369,19778,19409,NA,NA,NA,NA,NA,NA
results/algorithm1/alg1-prob-3-50|50-uu-2_5.json,3,497,23,23,474,155,443,19663,19811,19508,19368,50,50,8,11,8,11,42,39,NA,NA,NA,NA,NA,NA,NA,NA,NA,NA,NA,NA,NA,263,19826,19563,NA,NA,NA,NA,NA,NA
results/algorithm1/alg1-prob-3-50|50|50-lll-3_1.json,3,5318,450,450,4868,857,1727,29302,28432,28445,26705,50,50,50,50,50,50,0,0,50,50,50,0,NA,NA,NA,NA,NA,NA,NA,NA,NA,287,29231,28944,NA,NA,NA,NA,NA,NA
results/algorithm1/alg1-prob-3-50|50|50-lll-3_2.json,3,5354,446,446,4908,477,885,29523,28881,29046,27996,50,50,50,50,50,50,0,0,50,50,50,0,NA,NA,NA,NA,NA,NA,NA,NA,NA,1290,29240,27950,NA,NA,NA,NA,NA,NA
results/algorithm1/alg1-prob-3-50|50|50-lll-3_3.json,3,5147,449,449,4698,484,752,29154,29161,28670,28409,50,50,50,50,50,50,0,0,50,50,50,0,NA,NA,NA,NA,NA,NA,NA,NA,NA,841,29070,28229,NA,NA,NA,NA,NA,NA
results/algorithm1/alg1-prob-3-50|50|50-lll-3_4.json,3,5148,455,455,4693,308,285,29288,29631,28980,29346,50,50,50,50,50,50,0,0,50,50,50,0,NA,NA,NA,NA,NA,NA,NA,NA,NA,1498,29366,27868,NA,NA,NA,NA,NA,NA
results/algorithm1/alg1-prob-3-50|50|50-lll-3_5.json,3,5216,457,457,4759,549,208,29433,28996,28884,28788,50,50,50,50,50,50,0,0,50,50,50,0,NA,NA,NA,NA,NA,NA,NA,NA,NA,843,29127,28284,NA,NA,NA,NA,NA,NA
results/algorithm1/alg1-prob-3-50|50|50-mmm-3_1.json,3,3938,110,110,3828,316,28,28841,29317,28525,29289,50,50,19,15,19,15,31,35,50,16,16,34,NA,NA,NA,NA,NA,NA,NA,NA,NA,571,27863,27292,NA,NA,NA,NA,NA,NA
results/algorithm1/alg1-prob-3-50|50|50-mmm-3_2.json,3,3955,104,104,3851,430,72,27103,29245,26673,29173,50,50,15,17,15,17,35,33,50,16,16,34,NA,NA,NA,NA,NA,NA,NA,NA,NA,104,27488,27384,NA,NA,NA,NA,NA,NA
results/algorithm1/alg1-prob-3-50|50|50-mmm-3_3.json,3,3823,115,115,3708,224,66,28425,29303,28201,29237,50,50,19,18,19,18,31,32,50,15,15,35,NA,NA,NA,NA,NA,NA,NA,NA,NA,556,29121,28565,NA,NA,NA,NA,NA,NA
results/algorithm1/alg1-prob-3-50|50|50-mmm-3_4.json,3,3580,96,96,3484,349,285,28654,28883,28305,28598,50,50,19,12,19,12,31,38,50,17,17,33,NA,NA,NA,NA,NA,NA,NA,NA,NA,387,29135,28748,NA,NA,NA,NA,NA,NA
results/algorithm1/alg1-prob-3-50|50|50-mmm-3_5.json,3,4391,103,103,4288,172,200,28216,29339,28044,29139,50,50,15,15,15,15,35,35,50,14,14,36,NA,NA,NA,NA,NA,NA,NA,NA,NA,442,29124,28682,NA,NA,NA,NA,NA,NA
results/algorithm1/alg1-prob-3-50|50|50-ull-3_1.json,3,3667,280,280,3387,828,309,29128,28996,28300,28687,50,50,50,50,50,50,0,0,50,9,9,41,NA,NA,NA,NA,NA,NA,NA,NA,NA,1237,29015,27778,NA,NA,NA,NA,NA,NA
results/algorithm1/alg1-prob-3-50|50|50-ull-3_2.json,3,2821,247,247,2574,671,1419,29544,28712,28873,27293,50,50,50,50,50,50,0,0,50,8,8,42,NA,NA,NA,NA,NA,NA,NA,NA,NA,353,29760,29407,NA,NA,NA,NA,NA,NA
results/algorithm1/alg1-prob-3-50|50|50-ull-3_3.json,3,2784,243,243,2541,724,1392,29224,28841,28500,27449,50,50,50,50,50,50,0,0,50,7,7,43,NA,NA,NA,NA,NA,NA,NA,NA,NA,250,29752,29502,NA,NA,NA,NA,NA,NA
results/algorithm1/alg1-prob-3-50|50|50-ull-3_4.json,3,3074,257,257,2817,391,349,29572,29668,29181,29319,50,50,50,50,50,50,0,0,50,10,10,40,NA,NA,NA,NA,NA,NA,NA,NA,NA,1224,28981,27757,NA,NA,NA,NA,NA,NA
results/algorithm1/alg1-prob-3-50|50|50-ull-3_5.json,3,2810,256,256,2554,524,415,29321,29541,28797,29126,50,50,50,50,50,50,0,0,50,7,7,43,NA,NA,NA,NA,NA,NA,NA,NA,NA,817,29097,28280,NA,NA,NA,NA,NA,NA
results/algorithm1/alg1-prob-3-50|50|50-uuu-3_1.json,3,2460,43,43,2417,460,320,29499,29069,29039,28749,50,50,9,10,9,10,41,40,50,9,9,41,NA,NA,NA,NA,NA,NA,NA,NA,NA,760,29108,28348,NA,NA,NA,NA,NA,NA
results/algorithm1/alg1-prob-3-50|50|50-uuu-3_2.json,3,1602,40,40,1562,278,596,29408,29796,29130,29200,50,50,8,11,8,11,42,39,50,7,7,43,NA,NA,NA,NA,NA,NA,NA,NA,NA,353,29816,29463,NA,NA,NA,NA,NA,NA
results/algorithm1/alg1-prob-3-50|50|50-uuu-3_3.json,3,2087,38,38,2049,803,388,29673,29440,28870,29052,50,50,9,7,9,7,41,43,50,9,9,41,NA,NA,NA,NA,NA,NA,NA,NA,NA,563,28906,28343,NA,NA,NA,NA,NA,NA
results/algorithm1/alg1-prob-3-50|50|50-uuu-3_4.json,3,1424,38,38,1386,631,714,29745,29718,29114,29004,50,50,8,8,8,8,42,42,50,7,7,43,NA,NA,NA,NA,NA,NA,NA,NA,NA,423,29436,29013,NA,NA,NA,NA,NA,NA
results/algorithm1/alg1-prob-3-50|50|50-uuu-3_5.json,3,2179,43,43,2136,426,234,29384,29391,28958,29157,50,50,8,10,8,10,42,40,50,9,9,41,NA,NA,NA,NA,NA,NA,NA,NA,NA,924,29313,28389,NA,NA,NA,NA,NA,NA
results/algorithm1/alg1-prob-3-50|50|50|50-llll-4_1.json,3,20556,825,825,19731,1048,1142,38700,37740,37652,36598,50,50,50,50,50,50,0,0,50,50,50,0,50,50,50,0,NA,NA,NA,NA,NA,485,37751,37266,NA,NA,NA,NA,NA,NA
results/algorithm1/alg1-prob-3-50|50|50|50-llll-4_2.json,3,18665,802,802,17863,542,514,38923,38714,38381,38200,50,50,50,50,50,50,0,0,50,50,50,0,50,50,50,0,NA,NA,NA,NA,NA,1384,39494,38110,NA,NA,NA,NA,NA,NA
results/algorithm1/alg1-prob-3-50|50|50|50-llll-4_3.json,3,19644,794,794,18850,887,1520,38727,38196,37840,36676,50,50,50,50,50,50,0,0,50,50,50,0,50,50,50,0,NA,NA,NA,NA,NA,1330,39038,37708,NA,NA,NA,NA,NA,NA
results/algorithm1/alg1-prob-3-50|50|50|50-llll-4_4.json,3,19306,818,818,18488,924,1068,37784,38053,36860,36985,50,50,50,50,50,50,0,0,50,50,50,0,50,50,50,0,NA,NA,NA,NA,NA,1021,38663,37642,NA,NA,NA,NA,NA,NA
results/algorithm1/alg1-prob-3-50|50|50|50-llll-4_5.json,3,19356,789,789,18567,635,1452,39028,38028,38393,36576,50,50,50,50,50,50,0,0,50,50,50,0,50,50,50,0,NA,NA,NA,NA,NA,700,38560,37860,NA,NA,NA,NA,NA,NA
results/algorithm1/alg1-prob-3-50|50|50|50-mmmm-4_1.json,3,11672,185,185,11487,463,253,38188,38980,37725,38727,50,50,19,18,19,18,31,32,50,14,14,36,50,16,16,34,NA,NA,NA,NA,NA,643,37667,37024,NA,NA,NA,NA,NA,NA
results/algorithm1/alg1-prob-3-50|50|50|50-mmmm-4_2.json,3,14600,189,189,14411,408,329,37980,38600,37572,38271,50,50,17,19,17,19,33,31,50,12,12,38,50,17,17,33,NA,NA,NA,NA,NA,272,37877,37605,NA,NA,NA,NA,NA,NA
results/algorithm1/alg1-prob-3-50|50|50|50-mmmm-4_3.json,3,14561,177,177,14384,154,232,38717,39200,38563,38968,50,50,15,19,15,19,35,31,50,14,14,36,50,12,12,38,NA,NA,NA,NA,NA,616,38636,38020,NA,NA,NA,NA,NA,NA
results/algorithm1/alg1-prob-3-50|50|50|50-mmmm-4_4.json,3,14407,183,183,14224,299,212,37908,39196,37609,38984,50,50,19,15,19,15,31,35,50,15,15,35,50,14,14,36,NA,NA,NA,NA,NA,776,39011,38235,NA,NA,NA,NA,NA,NA
results/algorithm1/alg1-prob-3-50|50|50|50-mmmm-4_5.json,3,12111,189,189,11922,379,97,37522,39047,37143,38950,50,50,19,18,19,18,31,32,50,17,17,33,50,15,15,35,NA,NA,NA,NA,NA,567,38702,38135,NA,NA,NA,NA,NA,NA
results/algorithm1/alg1-prob-3-50|50|50|50-uull-4_1.json,3,8790,344,344,8446,1026,1315,38834,38618,37808,37303,50,50,50,50,50,50,0,0,50,10,10,40,50,9,9,41,NA,NA,NA,NA,NA,607,38826,38219,NA,NA,NA,NA,NA,NA
results/algorithm1/alg1-prob-3-50|50|50|50-uull-4_2.json,3,7474,331,331,7143,649,855,39030,38860,38381,38005,50,50,50,50,50,50,0,0,50,10,10,40,50,7,7,43,NA,NA,NA,NA,NA,1252,39509,38257,NA,NA,NA,NA,NA,NA
results/algorithm1/alg1-prob-3-50|50|50|50-uull-4_3.json,3,6379,321,321,6058,936,1155,39187,39394,38251,38239,50,50,50,50,50,50,0,0,50,9,9,41,50,7,7,43,NA,NA,NA,NA,NA,470,38560,38090,NA,NA,NA,NA,NA,NA
results/algorithm1/alg1-prob-3-50|50|50|50-uull-4_4.json,3,10645,373,373,10272,788,301,38866,38560,38078,38259,50,50,50,50,50,50,0,0,50,10,10,40,50,9,9,41,NA,NA,NA,NA,NA,790,38115,37325,NA,NA,NA,NA,NA,NA
results/algorithm1/alg1-prob-3-50|50|50|50-uull-4_5.json,3,8290,332,332,7958,672,319,39550,38946,38878,38627,50,50,50,50,50,50,0,0,50,8,8,42,50,9,9,41,NA,NA,NA,NA,NA,1450,39131,37681,NA,NA,NA,NA,NA,NA
results/algorithm1/alg1-prob-3-50|50|50|50-uuuu-4_1.json,3,3971,81,81,3890,726,433,39367,39616,38641,39183,50,50,9,10,9,10,41,40,50,9,9,41,50,7,7,43,NA,NA,NA,NA,NA,820,38481,37661,NA,NA,NA,NA,NA,NA
results/algorithm1/alg1-prob-3-50|50|50|50-uuuu-4_2.json,3,5962,74,74,5888,437,559,39260,39011,38823,38452,50,50,8,9,8,9,42,41,50,10,10,40,50,11,11,39,NA,NA,NA,NA,NA,740,39507,38767,NA,NA,NA,NA,NA,NA
results/algorithm1/alg1-prob-3-50|50|50|50-uuuu-4_3.json,3,4570,61,61,4509,873,568,39619,39296,38746,38728,50,50,8,9,8,9,42,41,50,7,7,43,50,9,9,41,NA,NA,NA,NA,NA,756,38904,38148,NA,NA,NA,NA,NA,NA
results/algorithm1/alg1-prob-3-50|50|50|50-uuuu-4_4.json,3,6196,72,72,6124,1068,506,39390,39185,38322,38679,50,50,8,9,8,9,42,41,50,9,9,41,50,9,9,41,NA,NA,NA,NA,NA,1014,38127,37113,NA,NA,NA,NA,NA,NA
results/algorithm1/alg1-prob-3-50|50|50|50-uuuu-4_5.json,3,3071,61,61,3010,608,847,39585,39703,38977,38856,50,50,8,9,8,9,42,41,50,7,7,43,50,7,7,43,NA,NA,NA,NA,NA,597,39237,38640,NA,NA,NA,NA,NA,NA
results/algorithm1/alg1-prob-3-50|50|50|50|50-lllll-5_1.json,3,50950,1263,1263,49687,977,1397,48038,47221,47061,45824,50,50,50,50,50,50,0,0,50,50,50,0,50,50,50,0,5642.0359,50,50,50,0,1419,48877,47458,NA,NA,NA,NA,NA,NA
results/algorithm1/alg1-prob-3-50|50|50|50|50-lllll-5_2.json,3,53510,1307,1307,52203,965,1437,48584,48258,47619,46821,50,50,50,50,50,50,0,0,50,50,50,0,50,50,50,0,582.1467,50,50,50,0,1165,47484,46319,NA,NA,NA,NA,NA,NA
results/algorithm1/alg1-prob-3-50|50|50|50|50-lllll-5_3.json,3,51535,1247,1247,50288,561,1326,49208,48329,48647,47003,50,50,50,50,50,50,0,0,50,50,50,0,50,50,50,0,1791.0808,50,50,50,0,1571,48734,47163,NA,NA,NA,NA,NA,NA
results/algorithm1/alg1-prob-3-50|50|50|50|50-lllll-5_4.json,3,52872,1311,1311,51561,1255,1269,48350,47239,47095,45970,50,50,50,50,50,50,0,0,50,50,50,0,50,50,50,0,6506.1991,50,50,50,0,1411,47972,46561,NA,NA,NA,NA,NA,NA
results/algorithm1/alg1-prob-3-50|50|50|50|50-lllll-5_5.json,3,50449,1298,1298,49151,986,1505,49108,47219,48122,45714,50,50,50,50,50,50,0,0,50,50,50,0,50,50,50,0,426.447,50,50,50,0,974,48369,47395,NA,NA,NA,NA,NA,NA
results/algorithm1/alg1-prob-3-50|50|50|50|50-mmmmm-5_1.json,3,29134,263,263,28871,617,353,47076,48273,46459,47920,50,50,19,18,19,18,31,32,50,16,16,34,50,12,12,38,2227.8337,50,17,17,33,478,46830,46352,NA,NA,NA,NA,NA,NA
results/algorithm1/alg1-prob-3-50|50|50|50|50-mmmmm-5_2.json,3,34889,266,266,34623,478,133,46662,48710,46184,48577,50,50,18,17,18,17,32,33,50,15,15,35,50,16,16,34,411.8515,50,12,12,38,292,46418,46126,NA,NA,NA,NA,NA,NA
results/algorithm1/alg1-prob-3-50|50|50|50|50-mmmmm-5_3.json,3,34854,311,311,34543,518,522,47294,47900,46776,47378,50,50,18,17,18,17,32,33,50,19,19,31,50,14,14,36,421.5414,50,17,17,33,522,47373,46851,NA,NA,NA,NA,NA,NA
results/algorithm1/alg1-prob-3-50|50|50|50|50-mmmmm-5_4.json,3,33554,285,285,33269,521,482,47496,48077,46975,47595,50,50,18,15,18,15,32,35,50,14,14,36,50,16,16,34,201.6121,50,17,17,33,540,46341,45801,NA,NA,NA,NA,NA,NA
results/algorithm1/alg1-prob-3-50|50|50|50|50-mmmmm-5_5.json,3,33280,284,284,32996,474,123,46109,48840,45635,48717,50,50,19,18,19,18,31,32,50,15,15,35,50,17,17,33,172.2342,50,15,15,35,607,48631,48024,NA,NA,NA,NA,NA,NA
results/algorithm1/alg1-prob-3-50|50|50|50|50-uuull-5_1.json,3,14058,401,401,13657,773,392,48406,47607,47633,47215,50,50,50,50,50,50,0,0,50,10,10,40,50,10,10,40,658.2735,50,7,7,43,942,48710,47768,NA,NA,NA,NA,NA,NA
results/algorithm1/alg1-prob-3-50|50|50|50|50-uuull-5_2.json,3,11899,372,372,11527,508,450,49429,49521,48921,49071,50,50,50,50,50,50,0,0,50,9,9,41,50,10,10,40,40.3919,50,7,7,43,1539,48675,47136,NA,NA,NA,NA,NA,NA
results/algorithm1/alg1-prob-3-50|50|50|50|50-uuull-5_3.json,3,15764,411,411,15353,814,857,48964,48061,48150,47204,50,50,50,50,50,50,0,0,50,8,8,42,50,9,9,41,56.0918,50,11,11,39,790,48782,47992,NA,NA,NA,NA,NA,NA
results/algorithm1/alg1-prob-3-50|50|50|50|50-uuull-5_4.json,3,16568,408,408,16160,1193,806,49345,48895,48152,48089,50,50,50,50,50,50,0,0,50,8,8,42,50,10,10,40,62.4328,50,7,7,43,799,48331,47532,NA,NA,NA,NA,NA,NA
results/algorithm1/alg1-prob-3-50|50|50|50|50-uuull-5_5.json,3,12241,383,383,11858,828,1325,49802,48940,48974,47615,50,50,50,50,50,50,0,0,50,8,8,42,50,10,10,40,34.5841,50,7,7,43,455,48532,48077,NA,NA,NA,NA,NA,NA
results/algorithm1/alg1-prob-3-50|50|50|50|50-uuuuu-5_1.json,3,11694,128,128,11566,1144,1009,49179,49577,48035,48568,50,50,8,9,8,9,42,41,50,11,11,39,50,7,7,43,664.143,50,9,9,41,976,48052,47076,NA,NA,NA,NA,NA,NA
results/algorithm1/alg1-prob-3-50|50|50|50|50-uuuuu-5_2.json,3,8377,100,100,8277,702,870,49230,49221,48528,48351,50,50,8,9,8,9,42,41,50,9,9,41,50,11,11,39,25.7498,50,7,7,43,775,48968,48193,NA,NA,NA,NA,NA,NA
results/algorithm1/alg1-prob-3-50|50|50|50|50-uuuuu-5_3.json,3,11432,127,127,11305,925,853,49331,49579,48406,48726,50,50,9,11,9,11,41,39,50,10,10,40,50,7,7,43,40.6413,50,9,9,41,831,48141,47310,NA,NA,NA,NA,NA,NA
results/algorithm1/alg1-prob-3-50|50|50|50|50-uuuuu-5_4.json,3,9362,99,99,9263,1015,1020,49181,49358,48166,48338,50,50,8,9,8,9,42,41,50,11,11,39,50,7,7,43,40.2551,50,7,7,43,529,48981,48452,NA,NA,NA,NA,NA,NA
results/algorithm1/alg1-prob-3-50|50|50|50|50-uuuuu-5_5.json,3,10721,105,105,10616,1065,550,49393,49043,48328,48493,50,50,8,8,8,8,42,42,50,9,9,41,50,10,10,40,39.5567,50,9,9,41,978,48403,47425,NA,NA,NA,NA,NA,NA
results/algorithm1/alg1-prob-3-600|600-ll-2_1.json,3,23778,2606,2606,21172,37,4,19915,19984,19878,19980,600,600,598,598,598,598,2,2,NA,NA,NA,NA,NA,NA,NA,NA,NA,NA,NA,NA,NA,23,19970,19947,NA,NA,NA,NA,NA,NA
results/algorithm1/alg1-prob-3-600|600-ll-2_2.json,3,23762,2589,2589,21173,23,25,19977,19989,19954,19964,600,600,599,600,599,600,1,0,NA,NA,NA,NA,NA,NA,NA,NA,NA,NA,NA,NA,NA,21,19980,19959,NA,NA,NA,NA,NA,NA
results/algorithm1/alg1-prob-3-600|600-ll-2_3.json,3,23999,2615,2615,21384,5,18,19919,19985,19914,19967,600,600,597,598,597,598,3,2,NA,NA,NA,NA,NA,NA,NA,NA,NA,NA,NA,NA,NA,24,19975,19951,NA,NA,NA,NA,NA,NA
results/algorithm1/alg1-prob-3-600|600-ll-2_4.json,3,23857,2611,2611,21246,14,4,19913,19928,19899,19924,600,600,598,598,598,598,2,2,NA,NA,NA,NA,NA,NA,NA,NA,NA,NA,NA,NA,NA,81,19951,19870,NA,NA,NA,NA,NA,NA
results/algorithm1/alg1-prob-3-600|600-ll-2_5.json,3,23908,2615,2615,21293,26,26,19947,19896,19921,19870,600,600,600,597,600,597,0,3,NA,NA,NA,NA,NA,NA,NA,NA,NA,NA,NA,NA,NA,24,19974,19950,NA,NA,NA,NA,NA,NA
results/algorithm1/alg1-prob-3-600|600-mm-2_1.json,3,26317,158,158,26159,4,1,19832,19989,19828,19988,600,600,50,45,50,45,550,555,NA,NA,NA,NA,NA,NA,NA,NA,NA,NA,NA,NA,NA,2,19939,19937,NA,NA,NA,NA,NA,NA
results/algorithm1/alg1-prob-3-600|600-mm-2_2.json,3,26389,192,192,26197,5,0,19834,19902,19829,19902,600,600,50,52,50,52,550,548,NA,NA,NA,NA,NA,NA,NA,NA,NA,NA,NA,NA,NA,1,19886,19885,NA,NA,NA,NA,NA,NA
results/algorithm1/alg1-prob-3-600|600-mm-2_3.json,3,26757,155,155,26602,2,10,19747,19886,19745,19876,600,600,55,42,55,42,545,558,NA,NA,NA,NA,NA,NA,NA,NA,NA,NA,NA,NA,NA,4,19769,19765,NA,NA,NA,NA,NA,NA
results/algorithm1/alg1-prob-3-600|600-mm-2_4.json,3,26792,159,158,26633,3,1,19810,19909,19807,19908,600,600,41,52,41,52,559,548,NA,NA,NA,NA,NA,NA,NA,NA,NA,NA,NA,NA,NA,3,19907,19904,NA,NA,NA,NA,NA,NA
results/algorithm1/alg1-prob-3-600|600-mm-2_5.json,3,28563,176,176,28387,0,4,19839,19849,19839,19845,600,600,55,50,55,50,545,550,NA,NA,NA,NA,NA,NA,NA,NA,NA,NA,NA,NA,NA,5,19892,19887,NA,NA,NA,NA,NA,NA
results/algorithm1/alg1-prob-3-600|600-ul-2_1.json,3,6430,688,688,5742,26,11,19959,19966,19933,19955,600,600,598,11,598,11,2,589,NA,NA,NA,NA,NA,NA,NA,NA,NA,NA,NA,NA,NA,12,19980,19968,NA,NA,NA,NA,NA,NA
results/algorithm1/alg1-prob-3-600|600-ul-2_2.json,3,6487,703,703,5784,7,16,19981,19974,19974,19958,600,600,599,12,599,12,1,588,NA,NA,NA,NA,NA,NA,NA,NA,NA,NA,NA,NA,NA,31,19984,19953,NA,NA,NA,NA,NA,NA
results/algorithm1/alg1-prob-3-600|600-ul-2_3.json,3,6350,706,706,5644,26,26,19984,19958,19958,19932,600,600,599,11,599,11,1,589,NA,NA,NA,NA,NA,NA,NA,NA,NA,NA,NA,NA,NA,21,19990,19969,NA,NA,NA,NA,NA,NA
results/algorithm1/alg1-prob-3-600|600-ul-2_4.json,3,6779,716,716,6063,17,32,19954,19955,19937,19923,600,600,598,12,598,12,2,588,NA,NA,NA,NA,NA,NA,NA,NA,NA,NA,NA,NA,NA,14,19979,19965,NA,NA,NA,NA,NA,NA
results/algorithm1/alg1-prob-3-600|600-ul-2_5.json,3,6504,694,694,5810,19,6,19972,19976,19953,19970,600,600,598,11,598,11,2,589,NA,NA,NA,NA,NA,NA,NA,NA,NA,NA,NA,NA,NA,125,19975,19850,NA,NA,NA,NA,NA,NA
results/algorithm1/alg1-prob-3-600|600-uu-2_1.json,3,6159,34,34,6125,11,1,19993,19978,19982,19977,600,600,12,12,12,12,588,588,NA,NA,NA,NA,NA,NA,NA,NA,NA,NA,NA,NA,NA,23,19987,19964,NA,NA,NA,NA,NA,NA
results/algorithm1/alg1-prob-3-600|600-uu-2_2.json,3,6072,30,30,6042,31,18,19982,19923,19951,19905,600,600,11,12,11,12,589,588,NA,NA,NA,NA,NA,NA,NA,NA,NA,NA,NA,NA,NA,29,19998,19969,NA,NA,NA,NA,NA,NA
results/algorithm1/alg1-prob-3-600|600-uu-2_3.json,3,6546,35,35,6511,29,8,19974,19950,19945,19942,600,600,13,12,13,12,587,588,NA,NA,NA,NA,NA,NA,NA,NA,NA,NA,NA,NA,NA,31,19968,19937,NA,NA,NA,NA,NA,NA
results/algorithm1/alg1-prob-3-600|600-uu-2_4.json,3,5286,31,31,5255,12,11,19980,19952,19968,19941,600,600,12,11,12,11,588,589,NA,NA,NA,NA,NA,NA,NA,NA,NA,NA,NA,NA,NA,73,19978,19905,NA,NA,NA,NA,NA,NA
results/algorithm1/alg1-prob-3-600|600-uu-2_5.json,3,6895,37,37,6858,27,32,19977,19955,19950,19923,600,600,13,12,13,12,587,588,NA,NA,NA,NA,NA,NA,NA,NA,NA,NA,NA,NA,NA,17,19964,19947,NA,NA,NA,NA,NA,NA
results/algorithm1/alg1-prob-4-200|200-ll-2_1.json,4,24504,1665,1665,22839,755,223,19927,19942,19172,19719,200,200,200,200,200,200,0,0,NA,NA,NA,NA,NA,NA,NA,NA,NA,NA,NA,NA,NA,603,19778,19175,436,19921,19485,NA,NA,NA
results/algorithm1/alg1-prob-4-200|200-ll-2_2.json,4,24760,1689,1689,23071,564,699,19838,19761,19274,19062,200,200,200,200,200,200,0,0,NA,NA,NA,NA,NA,NA,NA,NA,NA,NA,NA,NA,NA,458,19884,19426,773,19869,19096,NA,NA,NA
results/algorithm1/alg1-prob-4-200|200-ll-2_3.json,4,24347,1676,1676,22671,633,388,19863,19707,19230,19319,200,200,200,200,200,200,0,0,NA,NA,NA,NA,NA,NA,NA,NA,NA,NA,NA,NA,NA,1044,19715,18671,685,19929,19244,NA,NA,NA
results/algorithm1/alg1-prob-4-200|200-ll-2_4.json,4,22741,1636,1636,21105,132,459,19870,19894,19738,19435,200,200,200,200,200,200,0,0,NA,NA,NA,NA,NA,NA,NA,NA,NA,NA,NA,NA,NA,335,19824,19489,553,19843,19290,NA,NA,NA
results/algorithm1/alg1-prob-4-200|200-ll-2_5.json,4,24269,1677,1677,22592,242,624,19917,19854,19675,19230,200,200,200,200,200,200,0,0,NA,NA,NA,NA,NA,NA,NA,NA,NA,NA,NA,NA,NA,370,19910,19540,853,19946,19093,NA,NA,NA
results/algorithm1/alg1-prob-4-200|200-mm-2_1.json,4,23887,367,367,23520,30,41,19669,19956,19639,19915,200,200,68,58,68,58,132,142,NA,NA,NA,NA,NA,NA,NA,NA,NA,NA,NA,NA,NA,123,19786,19663,69,19949,19880,NA,NA,NA
results/algorithm1/alg1-prob-4-200|200-mm-2_2.json,4,26087,255,255,25832,87,21,19858,19917,19771,19896,200,200,43,50,43,50,157,150,NA,NA,NA,NA,NA,NA,NA,NA,NA,NA,NA,NA,NA,144,19842,19698,109,19961,19852,NA,NA,NA
results/algorithm1/alg1-prob-4-200|200-mm-2_3.json,4,26742,308,308,26434,12,118,19833,19915,19821,19797,200,200,54,55,54,55,146,145,NA,NA,NA,NA,NA,NA,NA,NA,NA,NA,NA,NA,NA,34,19789,19755,41,19780,19739,NA,NA,NA
results/algorithm1/alg1-prob-4-200|200-mm-2_4.json,4,26742,308,308,26434,12,118,19833,19915,19821,19797,200,200,54,55,54,55,146,145,NA,NA,NA,NA,NA,NA,NA,NA,NA,NA,NA,NA,NA,34,19789,19755,41,19780,19739,NA,NA,NA
results/algorithm1/alg1-prob-4-200|200-mm-2_5.json,4,25573,234,234,25339,191,39,19924,19909,19733,19870,200,200,43,41,43,41,157,159,NA,NA,NA,NA,NA,NA,NA,NA,NA,NA,NA,NA,NA,140,19952,19812,21,19898,19877,NA,NA,NA
results/algorithm1/alg1-prob-4-200|200-ul-2_1.json,4,24976,567,567,24409,195,68,19379,19783,19184,19715,200,200,200,30,200,30,0,170,NA,NA,NA,NA,NA,NA,NA,NA,NA,NA,NA,NA,NA,37,19616,19579,303,19851,19548,NA,NA,NA
results/algorithm1/alg1-prob-4-200|200-ul-2_2.json,4,24219,539,539,23680,124,445,19649,19453,19525,19008,200,200,200,33,200,33,0,167,NA,NA,NA,NA,NA,NA,NA,NA,NA,NA,NA,NA,NA,243,19813,19570,449,19596,19147,NA,NA,NA
results/algorithm1/alg1-prob-4-200|200-ul-2_3.json,4,22358,559,559,21799,181,462,19391,19703,19210,19241,200,200,200,30,200,30,0,170,NA,NA,NA,NA,NA,NA,NA,NA,NA,NA,NA,NA,NA,234,19602,19368,455,19901,19446,NA,NA,NA
results/algorithm1/alg1-prob-4-200|200-ul-2_4.json,4,23052,551,551,22501,494,282,19583,19430,19089,19148,200,200,200,33,200,33,0,167,NA,NA,NA,NA,NA,NA,NA,NA,NA,NA,NA,NA,NA,247,19842,19595,362,19533,19171,NA,NA,NA
results/algorithm1/alg1-prob-4-200|200-ul-2_5.json,4,26206,594,594,25612,146,284,19792,19636,19646,19352,200,200,200,25,200,25,0,175,NA,NA,NA,NA,NA,NA,NA,NA,NA,NA,NA,NA,NA,163,19786,19623,432,19647,19215,NA,NA,NA
results/algorithm1/alg1-prob-4-200|200-uu-2_1.json,4,33058,108,108,32950,109,64,19468,19891,19359,19827,200,200,20,25,20,25,180,175,NA,NA,NA,NA,NA,NA,NA,NA,NA,NA,NA,NA,NA,19,19592,19573,96,19669,19573,NA,NA,NA
results/algorithm1/alg1-prob-4-200|200-uu-2_2.json,4,26496,108,108,26388,4,94,19656,19660,19652,19566,200,200,20,25,20,25,180,175,NA,NA,NA,NA,NA,NA,NA,NA,NA,NA,NA,NA,NA,35,19631,19596,67,19410,19343,NA,NA,NA
results/algorithm1/alg1-prob-4-200|200-uu-2_3.json,4,29077,99,99,28978,5,86,19701,19765,19696,19679,200,200,20,27,20,27,180,173,NA,NA,NA,NA,NA,NA,NA,NA,NA,NA,NA,NA,NA,118,19550,19432,97,19460,19363,NA,NA,NA
results/algorithm1/alg1-prob-4-200|200-uu-2_4.json,4,25675,134,134,25541,111,45,19126,19372,19015,19327,200,200,33,30,33,30,167,170,NA,NA,NA,NA,NA,NA,NA,NA,NA,NA,NA,NA,NA,23,19487,19464,44,19565,19521,NA,NA,NA
results/algorithm1/alg1-prob-4-200|200-uu-2_5.json,4,31211,114,114,31097,87,34,19258,19797,19171,19763,200,200,20,30,20,30,180,170,NA,NA,NA,NA,NA,NA,NA,NA,NA,NA,NA,NA,NA,22,19453,19431,83,19678,19595,NA,NA,NA
results/algorithm1/alg1-prob-4-300|300-ll-2_1.json,4,50151,2638,2638,47513,322,237,19986,19880,19664,19643,300,300,300,300,300,300,0,0,NA,NA,NA,NA,NA,NA,NA,NA,NA,NA,NA,NA,NA,363,19896,19533,329,19920,19591,NA,NA,NA
results/algorithm1/alg1-prob-4-300|300-ll-2_2.json,4,48640,2575,2575,46065,138,289,19982,19954,19844,19665,300,300,300,300,300,300,0,0,NA,NA,NA,NA,NA,NA,NA,NA,NA,NA,NA,NA,NA,479,19951,19472,658,19972,19314,NA,NA,NA
results/algorithm1/alg1-prob-4-300|300-ll-2_3.json,4,53922,2598,2598,51324,304,187,19927,19937,19623,19750,300,300,300,300,300,300,0,0,NA,NA,NA,NA,NA,NA,NA,NA,NA,NA,NA,NA,NA,467,19875,19408,358,19996,19638,NA,NA,NA
results/algorithm1/alg1-prob-4-300|300-ll-2_4.json,4,51179,2665,2665,48514,188,195,19990,19968,19802,19773,300,300,300,300,300,300,0,0,NA,NA,NA,NA,NA,NA,NA,NA,NA,NA,NA,NA,NA,637,19936,19299,349,19972,19623,NA,NA,NA
results/algorithm1/alg1-prob-4-300|300-ll-2_5.json,4,50311,2612,2612,47699,387,627,19889,19838,19502,19211,300,300,300,300,300,300,0,0,NA,NA,NA,NA,NA,NA,NA,NA,NA,NA,NA,NA,NA,123,19949,19826,346,19957,19611,NA,NA,NA
results/algorithm1/alg1-prob-4-300|300-mm-2_1.json,4,63504,386,386,63118,89,12,19803,19889,19714,19877,300,300,76,63,76,63,224,237,NA,NA,NA,NA,NA,NA,NA,NA,NA,NA,NA,NA,NA,42,19916,19874,10,19968,19958,NA,NA,NA
results/algorithm1/alg1-prob-4-300|300-mm-2_2.json,4,83010,417,417,82593,5,52,19973,19939,19968,19887,300,300,75,63,75,63,225,237,NA,NA,NA,NA,NA,NA,NA,NA,NA,NA,NA,NA,NA,14,19839,19825,9,19800,19791,NA,NA,NA
results/algorithm1/alg1-prob-4-300|300-mm-2_3.json,4,74415,397,397,74018,47,38,19880,19930,19833,19892,300,300,63,75,63,75,237,225,NA,NA,NA,NA,NA,NA,NA,NA,NA,NA,NA,NA,NA,26,19994,19968,4,19989,19985,NA,NA,NA
results/algorithm1/alg1-prob-4-300|300-mm-2_4.json,4,70095,405,405,69690,57,7,19856,19819,19799,19812,300,300,76,64,76,64,224,236,NA,NA,NA,NA,NA,NA,NA,NA,NA,NA,NA,NA,NA,34,19893,19859,36,19966,19930,NA,NA,NA
results/algorithm1/alg1-prob-4-300|300-mm-2_5.json,4,61373,332,332,61041,44,63,19941,19828,19897,19765,300,300,58,59,58,59,242,241,NA,NA,NA,NA,NA,NA,NA,NA,NA,NA,NA,NA,NA,48,19674,19626,89,19890,19801,NA,NA,NA
results/algorithm1/alg1-prob-4-300|300-ul-2_1.json,4,51892,787,787,51105,364,81,19768,19686,19404,19605,300,300,300,37,300,37,0,263,NA,NA,NA,NA,NA,NA,NA,NA,NA,NA,NA,NA,NA,39,19928,19889,287,19791,19504,NA,NA,NA
results/algorithm1/alg1-prob-4-300|300-ul-2_2.json,4,52172,820,820,51352,185,52,19718,19796,19533,19744,300,300,300,32,300,32,0,268,NA,NA,NA,NA,NA,NA,NA,NA,NA,NA,NA,NA,NA,317,19885,19568,143,19755,19612,NA,NA,NA
results/algorithm1/alg1-prob-4-300|300-ul-2_3.json,4,54346,789,789,53557,159,312,19587,19835,19428,19523,300,300,300,26,300,26,0,274,NA,NA,NA,NA,NA,NA,NA,NA,NA,NA,NA,NA,NA,171,19603,19432,49,19749,19700,NA,NA,NA
results/algorithm1/alg1-prob-4-300|300-ul-2_4.json,4,53413,776,776,52637,141,286,19797,19952,19656,19666,300,300,300,30,300,30,0,270,NA,NA,NA,NA,NA,NA,NA,NA,NA,NA,NA,NA,NA,153,19947,19794,111,19628,19517,NA,NA,NA
results/algorithm1/alg1-prob-4-300|300-ul-2_5.json,4,50687,802,802,49885,59,195,19558,19906,19499,19711,300,300,300,36,300,36,0,264,NA,NA,NA,NA,NA,NA,NA,NA,NA,NA,NA,NA,NA,368,19784,19416,80,19763,19683,NA,NA,NA
results/algorithm1/alg1-prob-4-300|300-uu-2_1.json,4,43686,182,182,43504,114,72,18989,19832,18875,19760,300,300,36,36,36,36,264,264,NA,NA,NA,NA,NA,NA,NA,NA,NA,NA,NA,NA,NA,179,19741,19562,41,19349,19308,NA,NA,NA
results/algorithm1/alg1-prob-4-300|300-uu-2_2.json,4,56433,151,151,56282,64,36,19193,19712,19129,19676,300,300,32,36,32,36,268,264,NA,NA,NA,NA,NA,NA,NA,NA,NA,NA,NA,NA,NA,172,19850,19678,23,19326,19303,NA,NA,NA
results/algorithm1/alg1-prob-4-300|300-uu-2_3.json,4,54722,136,136,54586,68,64,19163,19791,19095,19727,300,300,26,36,26,36,274,264,NA,NA,NA,NA,NA,NA,NA,NA,NA,NA,NA,NA,NA,36,19447,19411,47,19549,19502,NA,NA,NA
results/algorithm1/alg1-prob-4-300|300-uu-2_4.json,4,52809,169,169,52640,88,69,19546,19770,19458,19701,300,300,31,37,31,37,269,263,NA,NA,NA,NA,NA,NA,NA,NA,NA,NA,NA,NA,NA,10,19587,19577,78,19638,19560,NA,NA,NA
results/algorithm1/alg1-prob-4-300|300-uu-2_5.json,4,47420,127,127,47293,1,31,19699,19838,19698,19807,300,300,30,26,30,26,270,274,NA,NA,NA,NA,NA,NA,NA,NA,NA,NA,NA,NA,NA,13,19713,19700,80,19630,19550,NA,NA,NA
results/algorithm1/alg1-prob-4-50|50-ll-2_1.json,4,1750,379,379,1371,988,898,19798,19970,18810,19072,50,50,50,50,50,50,0,0,NA,NA,NA,NA,NA,NA,NA,NA,NA,NA,NA,NA,NA,1399,19576,18177,1059,19974,18915,NA,NA,NA
results/algorithm1/alg1-prob-4-50|50-ll-2_2.json,4,1923,367,367,1556,1021,616,19632,19803,18611,19187,50,50,50,50,50,50,0,0,NA,NA,NA,NA,NA,NA,NA,NA,NA,NA,NA,NA,NA,676,19720,19044,1032,19638,18606,NA,NA,NA
results/algorithm1/alg1-prob-4-50|50-ll-2_3.json,4,1870,373,373,1497,1048,994,19872,19993,18824,18999,50,50,50,50,50,50,0,0,NA,NA,NA,NA,NA,NA,NA,NA,NA,NA,NA,NA,NA,1385,19222,17837,1387,19635,18248,NA,NA,NA
results/algorithm1/alg1-prob-4-50|50-ll-2_4.json,4,1840,374,374,1466,1387,1749,19752,19797,18365,18048,50,50,50,50,50,50,0,0,NA,NA,NA,NA,NA,NA,NA,NA,NA,NA,NA,NA,NA,1128,19744,18616,843,19562,18719,NA,NA,NA
results/algorithm1/alg1-prob-4-50|50-ll-2_5.json,4,1874,362,362,1512,1094,1172,19794,19952,18700,18780,50,50,50,50,50,50,0,0,NA,NA,NA,NA,NA,NA,NA,NA,NA,NA,NA,NA,NA,812,19493,18681,907,19940,19033,NA,NA,NA
results/algorithm1/alg1-prob-4-50|50-mm-2_1.json,4,1654,97,97,1557,776,179,19964,18810,19188,18631,50,50,21,24,21,24,29,26,NA,NA,NA,NA,NA,NA,NA,NA,NA,NA,NA,NA,NA,801,19339,18538,182,19358,19176,NA,NA,NA
results/algorithm1/alg1-prob-4-50|50-mm-2_2.json,4,1465,94,94,1371,187,69,19639,18520,19452,18451,50,50,23,18,23,18,27,32,NA,NA,NA,NA,NA,NA,NA,NA,NA,NA,NA,NA,NA,442,19846,19404,251,19926,19675,NA,NA,NA
results/algorithm1/alg1-prob-4-50|50-mm-2_3.json,4,1598,95,95,1503,1168,108,19852,19573,18684,19465,50,50,21,20,21,20,29,30,NA,NA,NA,NA,NA,NA,NA,NA,NA,NA,NA,NA,NA,678,19608,18930,378,18725,18347,NA,NA,NA
results/algorithm1/alg1-prob-4-50|50-mm-2_4.json,4,1579,113,113,1466,464,941,19893,19687,19429,18746,50,50,20,25,20,25,30,25,NA,NA,NA,NA,NA,NA,NA,NA,NA,NA,NA,NA,NA,361,19539,19178,194,19271,19077,NA,NA,NA
results/algorithm1/alg1-prob-4-50|50-mm-2_5.json,4,1593,119,119,1474,662,99,19336,19750,18674,19651,50,50,20,24,20,24,30,26,NA,NA,NA,NA,NA,NA,NA,NA,NA,NA,NA,NA,NA,203,19713,19510,300,19092,18792,NA,NA,NA
results/algorithm1/alg1-prob-4-50|50-ul-2_1.json,4,1832,180,180,1652,557,485,19842,19583,19285,19098,50,50,50,17,50,17,0,33,NA,NA,NA,NA,NA,NA,NA,NA,NA,NA,NA,NA,NA,586,19648,19062,574,19425,18851,NA,NA,NA
results/algorithm1/alg1-prob-4-50|50-ul-2_2.json,4,1880,142,142,1738,264,900,19149,18588,18885,17688,50,50,50,15,50,15,0,35,NA,NA,NA,NA,NA,NA,NA,NA,NA,NA,NA,NA,NA,2130,19852,17722,410,19743,19333,NA,NA,NA
results/algorithm1/alg1-prob-4-50|50-ul-2_3.json,4,1705,176,176,1529,214,377,19617,19049,19403,18672,50,50,50,14,50,14,0,36,NA,NA,NA,NA,NA,NA,NA,NA,NA,NA,NA,NA,NA,1002,18616,17614,449,18956,18507,NA,NA,NA
results/algorithm1/alg1-prob-4-50|50-ul-2_4.json,4,1904,164,164,1740,1466,461,18632,19200,17166,18739,50,50,50,14,50,14,0,36,NA,NA,NA,NA,NA,NA,NA,NA,NA,NA,NA,NA,NA,257,19046,18789,561,18685,18124,NA,NA,NA
results/algorithm1/alg1-prob-4-50|50-ul-2_5.json,4,1942,178,178,1764,1369,275,18642,19187,17273,18912,50,50,50,14,50,14,0,36,NA,NA,NA,NA,NA,NA,NA,NA,NA,NA,NA,NA,NA,565,19234,18669,563,18651,18088,NA,NA,NA
results/algorithm1/alg1-prob-4-50|50-uu-2_1.json,4,1900,50,50,1850,320,193,18672,19677,18352,19484,50,50,14,12,14,12,36,38,NA,NA,NA,NA,NA,NA,NA,NA,NA,NA,NA,NA,NA,380,19834,19454,112,17861,17749,NA,NA,NA
results/algorithm1/alg1-prob-4-50|50-uu-2_2.json,4,1886,58,58,1828,308,83,18540,18583,18232,18500,50,50,11,18,11,18,39,32,NA,NA,NA,NA,NA,NA,NA,NA,NA,NA,NA,NA,NA,369,19320,18951,88,18891,18803,NA,NA,NA
results/algorithm1/alg1-prob-4-50|50-uu-2_3.json,4,1661,66,66,1595,271,211,19578,19456,19307,19245,50,50,17,14,17,14,33,36,NA,NA,NA,NA,NA,NA,NA,NA,NA,NA,NA,NA,NA,135,19664,19529,105,17953,17848,NA,NA,NA
results/algorithm1/alg1-prob-4-50|50-uu-2_4.json,4,2077,64,64,2013,196,436,18411,18260,18215,17824,50,50,15,18,15,18,35,32,NA,NA,NA,NA,NA,NA,NA,NA,NA,NA,NA,NA,NA,334,19613,19279,218,18931,18713,NA,NA,NA
results/algorithm1/alg1-prob-4-50|50-uu-2_5.json,4,1786,63,63,1723,1033,482,18713,18689,17680,18207,50,50,14,16,14,16,36,34,NA,NA,NA,NA,NA,NA,NA,NA,NA,NA,NA,NA,NA,153,18896,18743,126,18401,18275,NA,NA,NA
results/algorithm1/alg1-prob-4-50|50|50-lll-3_1.json,4,50154,1190,1190,48964,2260,2733,29701,29876,27441,27143,50,50,50,50,50,50,0,0,50,50,50,0,NA,NA,NA,NA,NA,NA,NA,NA,NA,1399,29144,27745,1975,29602,27627,NA,NA,NA
results/algorithm1/alg1-prob-4-50|50|50-lll-3_2.json,4,56911,1255,1255,55656,2015,1567,29654,29867,27639,28300,50,50,50,50,50,50,0,0,50,50,50,0,NA,NA,NA,NA,NA,NA,NA,NA,NA,1152,29064,27912,2336,29679,27343,NA,NA,NA
results/algorithm1/alg1-prob-4-50|50|50-lll-3_3.json,4,49003,1224,1224,47779,1651,1642,29622,29768,27971,28126,50,50,50,50,50,50,0,0,50,50,50,0,NA,NA,NA,NA,NA,NA,NA,NA,NA,2895,29192,26297,2080,29780,27700,NA,NA,NA
results/algorithm1/alg1-prob-4-50|50|50-lll-3_4.json,4,49401,1194,1194,48207,1066,722,29474,29871,28408,29149,50,50,50,50,50,50,0,0,50,50,50,0,NA,NA,NA,NA,NA,NA,NA,NA,NA,2821,29679,26858,1316,29662,28346,NA,NA,NA
results/algorithm1/alg1-prob-4-50|50|50-lll-3_5.json,4,54000,1293,1293,52707,1269,1182,29454,29866,28185,28684,50,50,50,50,50,50,0,0,50,50,50,0,NA,NA,NA,NA,NA,NA,NA,NA,NA,1926,29469,27543,1162,29472,28310,NA,NA,NA
results/algorithm1/alg1-prob-4-50|50|50-mmm-3_1.json,4,54862,346,346,54516,542,346,29347,28541,28805,28195,50,50,20,24,20,24,30,26,50,24,24,26,NA,NA,NA,NA,NA,NA,NA,NA,NA,367,28988,28621,208,29133,28925,NA,NA,NA
results/algorithm1/alg1-prob-4-50|50|50-mmm-3_2.json,4,41470,273,273,41197,567,525,29478,29211,28911,28686,50,50,20,23,20,23,30,27,50,18,18,32,NA,NA,NA,NA,NA,NA,NA,NA,NA,119,29189,29070,367,29113,28746,NA,NA,NA
results/algorithm1/alg1-prob-4-50|50|50-mmm-3_3.json,4,40416,302,302,40114,1203,161,29121,28995,27918,28834,50,50,20,29,20,29,30,21,50,18,18,32,NA,NA,NA,NA,NA,NA,NA,NA,NA,424,29766,29342,863,28846,27983,NA,NA,NA
results/algorithm1/alg1-prob-4-50|50|50-mmm-3_4.json,4,36364,277,277,36087,379,834,29250,28412,28871,27578,50,50,23,18,23,18,27,32,50,25,25,25,NA,NA,NA,NA,NA,NA,NA,NA,NA,762,29807,29045,341,29465,29124,NA,NA,NA
results/algorithm1/alg1-prob-4-50|50|50-mmm-3_5.json,4,38262,258,258,38004,1338,134,29582,29073,28244,28939,50,50,21,20,21,20,29,30,50,18,18,32,NA,NA,NA,NA,NA,NA,NA,NA,NA,730,29490,28760,623,28649,28026,NA,NA,NA
results/algorithm1/alg1-prob-4-50|50|50-ull-3_1.json,4,46652,637,637,46015,1509,1269,28910,29810,27401,28541,50,50,50,50,50,50,0,0,50,12,12,38,NA,NA,NA,NA,NA,NA,NA,NA,NA,1435,29296,27861,1989,29200,27211,NA,NA,NA
results/algorithm1/alg1-prob-4-50|50|50-ull-3_2.json,4,57234,779,779,56455,879,927,28692,29601,27813,28674,50,50,50,50,50,50,0,0,50,18,18,32,NA,NA,NA,NA,NA,NA,NA,NA,NA,2621,29336,26715,824,29023,28199,NA,NA,NA
results/algorithm1/alg1-prob-4-50|50|50-ull-3_3.json,4,46472,724,724,45748,1511,567,28647,29268,27136,28701,50,50,50,50,50,50,0,0,50,14,14,36,NA,NA,NA,NA,NA,NA,NA,NA,NA,2402,29066,26664,845,28709,27864,NA,NA,NA
results/algorithm1/alg1-prob-4-50|50|50-ull-3_4.json,4,41409,701,701,40708,1319,1159,29538,29825,28219,28666,50,50,50,50,50,50,0,0,50,14,14,36,NA,NA,NA,NA,NA,NA,NA,NA,NA,1497,29221,27724,1416,28239,26823,NA,NA,NA
results/algorithm1/alg1-prob-4-50|50|50-ull-3_5.json,4,47283,732,732,46551,1635,1194,28318,29264,26683,28070,50,50,50,50,50,50,0,0,50,14,14,36,NA,NA,NA,NA,NA,NA,NA,NA,NA,2050,28829,26779,629,28780,28151,NA,NA,NA
results/algorithm1/alg1-prob-4-50|50|50-uuu-3_1.json,4,48279,164,164,48115,345,326,28426,27820,28081,27494,50,50,17,14,17,14,33,36,50,14,14,36,NA,NA,NA,NA,NA,NA,NA,NA,NA,168,27422,27254,511,27479,26968,NA,NA,NA
results/algorithm1/alg1-prob-4-50|50|50-uuu-3_2.json,4,48771,159,159,48612,1041,594,27924,26951,26883,26357,50,50,14,15,14,15,36,35,50,14,14,36,NA,NA,NA,NA,NA,NA,NA,NA,NA,298,27989,27691,582,27731,27149,NA,NA,NA
results/algorithm1/alg1-prob-4-50|50|50-uuu-3_3.json,4,49109,163,163,48946,1042,533,27786,27621,26744,27088,50,50,14,17,14,17,36,33,50,16,16,34,NA,NA,NA,NA,NA,NA,NA,NA,NA,187,27743,27556,223,28315,28092,NA,NA,NA
results/algorithm1/alg1-prob-4-50|50|50-uuu-3_4.json,4,49059,122,122,48937,466,1011,28940,27832,28474,26821,50,50,15,16,15,16,35,34,50,14,14,36,NA,NA,NA,NA,NA,NA,NA,NA,NA,395,29440,29045,260,27847,27587,NA,NA,NA
results/algorithm1/alg1-prob-4-50|50|50-uuu-3_5.json,4,50657,163,163,50494,1042,533,27786,27621,26744,27088,50,50,14,17,14,17,36,33,50,16,16,34,NA,NA,NA,NA,NA,NA,NA,NA,NA,187,27743,27556,223,28315,28092,NA,NA,NA
results/algorithm1/alg1-prob-4-50|50|50|50-llll-4_2.json,4,1086345,2773,2773,1083572,1747,1788,39050,39650,37303,37862,50,50,50,50,50,50,0,0,50,50,50,0,50,50,50,0,NA,NA,NA,NA,NA,3032,39332,36300,1598,39686,38088,NA,NA,NA
results/algorithm1/alg1-prob-4-50|50|50|50-llll-4_3.json,4,1102317,2790,2790,1099527,2117,2996,39468,39650,37351,36654,50,50,50,50,50,50,0,0,50,50,50,0,50,50,50,0,10085.7368,NA,NA,NA,NA,3683,39344,35661,1494,39603,38109,NA,NA,NA
results/algorithm1/alg1-prob-4-50|50|50|50-llll-4_4.json,4,1084873,2886,2886,1081987,2715,2973,39562,39859,36847,36886,50,50,50,50,50,50,0,0,50,50,50,0,50,50,50,0,13273.4747,NA,NA,NA,NA,2748,39044,36296,2710,39582,36872,NA,NA,NA
results/algorithm1/alg1-prob-4-50|50|50|50-mmmm-4_2.json,4,753848,765,765,753083,1057,191,38817,38396,37760,38205,50,50,23,20,23,20,27,30,50,29,29,21,50,24,24,26,6847.2802,NA,NA,NA,NA,826,39505,38679,638,38852,38214,NA,NA,NA
results/algorithm1/alg1-prob-4-50|50|50|50-mmmm-4_4.json,4,1062892,838,838,1062054,849,1003,38666,39194,37817,38191,50,50,20,29,20,29,30,21,50,24,24,26,50,25,25,25,NA,NA,NA,NA,NA,658,39236,38578,540,38894,38354,NA,NA,NA
results/algorithm1/alg1-prob-4-50|50|50|50-mmmm-4_5.json,4,947894,624,624,947270,825,414,39449,38140,38624,37726,50,50,21,23,21,23,29,27,50,23,23,27,50,18,18,32,622.7836,NA,NA,NA,NA,1007,39106,38099,361,39678,39317,NA,NA,NA
results/algorithm1/alg1-prob-4-50|50|50|50-uull-4_2.json,4,1010889,1210,1210,1009679,1268,1099,37576,39397,36308,38298,50,50,50,50,50,50,0,0,50,12,12,38,50,18,18,32,659.1174,NA,NA,NA,NA,633,39065,38432,989,38327,37338,NA,NA,NA
results/algorithm1/alg1-prob-4-50|50|50|50-uull-4_3.json,4,940387,1164,1164,939223,1626,1838,39081,38672,37455,36834,50,50,50,50,50,50,0,0,50,14,14,36,50,14,14,36,NA,NA,NA,NA,NA,1570,38507,36937,1259,36931,35672,NA,NA,NA
results/algorithm1/alg1-prob-4-50|50|50|50-uull-4_5.json,4,1129169,NA,NA,NA,737,1231,38465,38528,37728,37297,50,50,50,50,50,50,0,0,50,17,17,33,50,17,17,33,11505.4981,NA,NA,NA,NA,2034,38215,36181,756,39309,38553,NA,NA,NA
results/algorithm1/alg1-prob-4-50|50|50|50-uuuu-4_5.json,4,1100831,NA,NA,NA,644,358,37893,37471,37249,37113,50,50,14,11,14,11,36,39,50,14,14,36,50,18,18,32,1980.0906,NA,NA,NA,NA,503,37895,37392,502,36456,35954,NA,NA,NA
results/algorithm1/alg1-prob-4-600|600-ll-2_1.json,4,190106,5443,5443,184663,403,197,19991,19980,19588,19783,600,600,600,600,600,600,0,0,NA,NA,NA,NA,NA,NA,NA,NA,NA,NA,NA,NA,NA,513,19979,19466,103,19971,19868,NA,NA,NA
results/algorithm1/alg1-prob-4-600|600-ll-2_2.json,4,192484,5434,5434,187050,229,164,19997,19967,19768,19803,600,600,600,600,600,600,0,0,NA,NA,NA,NA,NA,NA,NA,NA,NA,NA,NA,NA,NA,187,19964,19777,320,19996,19676,NA,NA,NA
results/algorithm1/alg1-prob-4-600|600-ll-2_3.json,4,191722,5480,5480,186242,171,293,19963,19962,19792,19669,600,600,600,600,600,600,0,0,NA,NA,NA,NA,NA,NA,NA,NA,NA,NA,NA,NA,NA,213,19963,19750,124,19975,19851,NA,NA,NA
results/algorithm1/alg1-prob-4-600|600-ll-2_4.json,4,185578,5465,5465,180113,229,385,19956,19962,19727,19577,600,600,600,600,600,600,0,0,NA,NA,NA,NA,NA,NA,NA,NA,NA,NA,NA,NA,NA,83,19976,19893,248,19939,19691,NA,NA,NA
results/algorithm1/alg1-prob-4-600|600-ll-2_5.json,4,182729,5451,5451,177278,221,241,19961,19953,19740,19712,600,600,600,600,600,600,0,0,NA,NA,NA,NA,NA,NA,NA,NA,NA,NA,NA,NA,NA,324,19980,19656,243,19937,19694,NA,NA,NA
results/algorithm1/alg1-prob-4-600|600-mm-2_1.json,4,292388,535,535,291853,10,16,19907,19974,19897,19958,600,600,87,83,87,83,513,517,NA,NA,NA,NA,NA,NA,NA,NA,NA,NA,NA,NA,NA,8,19961,19953,5,19886,19881,NA,NA,NA
results/algorithm1/alg1-prob-4-600|600-mm-2_2.json,4,262662,448,448,262214,3,3,19973,19971,19970,19968,600,600,75,87,75,87,525,513,NA,NA,NA,NA,NA,NA,NA,NA,NA,NA,NA,NA,NA,5,19950,19945,22,19853,19831,NA,NA,NA
results/algorithm1/alg1-prob-4-600|600-mm-2_3.json,4,312639,478,478,312161,11,5,19970,19951,19959,19946,600,600,75,92,75,92,525,508,NA,NA,NA,NA,NA,NA,NA,NA,NA,NA,NA,NA,NA,2,19942,19940,8,19933,19925,NA,NA,NA
results/algorithm1/alg1-prob-4-600|600-mm-2_4.json,4,280026,465,465,279561,9,4,19963,19969,19954,19965,600,600,75,87,75,87,525,513,NA,NA,NA,NA,NA,NA,NA,NA,NA,NA,NA,NA,NA,5,19946,19941,3,19878,19875,NA,NA,NA
results/algorithm1/alg1-prob-4-600|600-mm-2_5.json,4,272082,547,547,271535,10,2,19873,19947,19863,19945,600,600,85,92,85,92,515,508,NA,NA,NA,NA,NA,NA,NA,NA,NA,NA,NA,NA,NA,3,19987,19984,5,19924,19919,NA,NA,NA
results/algorithm1/alg1-prob-4-600|600-ul-2_1.json,4,207025,1483,1483,205542,33,152,19932,19691,19899,19539,600,600,600,39,600,39,0,561,NA,NA,NA,NA,NA,NA,NA,NA,NA,NA,NA,NA,NA,324,19869,19545,152,19859,19707,NA,NA,NA
results/algorithm1/alg1-prob-4-600|600-ul-2_2.json,4,165636,1213,1213,164423,159,97,19981,19939,19822,19842,600,600,600,27,600,27,0,573,NA,NA,NA,NA,NA,NA,NA,NA,NA,NA,NA,NA,NA,139,19950,19811,197,19827,19630,NA,NA,NA
results/algorithm1/alg1-prob-4-600|600-ul-2_3.json,4,162085,1430,1430,160655,41,301,19919,19705,19878,19404,600,600,600,38,600,38,0,562,NA,NA,NA,NA,NA,NA,NA,NA,NA,NA,NA,NA,NA,85,19729,19644,127,19800,19673,NA,NA,NA
results/algorithm1/alg1-prob-4-600|600-ul-2_4.json,4,212839,1371,1371,211468,118,64,19874,19946,19756,19882,600,600,600,49,600,49,0,551,NA,NA,NA,NA,NA,NA,NA,NA,NA,NA,NA,NA,NA,38,19936,19898,100,19765,19665,NA,NA,NA
results/algorithm1/alg1-prob-4-600|600-ul-2_5.json,4,186802,1359,1359,185443,140,32,19904,19931,19764,19899,600,600,600,49,600,49,0,551,NA,NA,NA,NA,NA,NA,NA,NA,NA,NA,NA,NA,NA,140,19972,19832,19,19765,19746,NA,NA,NA
results/algorithm1/alg1-prob-4-600|600-uu-2_1.json,4,209029,154,154,208875,29,49,19906,19255,19877,19206,600,600,29,39,29,39,571,561,NA,NA,NA,NA,NA,NA,NA,NA,NA,NA,NA,NA,NA,5,19822,19817,46,19854,19808,NA,NA,NA
results/algorithm1/alg1-prob-4-600|600-uu-2_2.json,4,209029,154,154,208875,29,49,19906,19255,19877,19206,600,600,29,39,29,39,571,561,NA,NA,NA,NA,NA,NA,NA,NA,NA,NA,NA,NA,NA,5,19822,19817,46,19854,19808,NA,NA,NA
results/algorithm1/alg1-prob-4-600|600-uu-2_3.json,4,213481,186,186,213295,19,24,19858,19923,19839,19899,600,600,36,49,36,49,564,551,NA,NA,NA,NA,NA,NA,NA,NA,NA,NA,NA,NA,NA,9,19609,19600,22,19756,19734,NA,NA,NA
results/algorithm1/alg1-prob-4-600|600-uu-2_4.json,4,191844,156,156,191688,12,9,19894,19926,19882,19917,600,600,36,35,36,35,564,565,NA,NA,NA,NA,NA,NA,NA,NA,NA,NA,NA,NA,NA,49,19594,19545,21,19921,19900,NA,NA,NA
results/algorithm1/alg1-prob-4-600|600-uu-2_5.json,4,171438,175,175,171263,43,74,19803,19292,19760,19218,600,600,29,43,29,43,571,557,NA,NA,NA,NA,NA,NA,NA,NA,NA,NA,NA,NA,NA,5,19874,19869,8,19887,19879,NA,NA,NA
results/algorithm1/alg1-prob-5-200|200-ll-2_1.json,5,34828,NA,NA,NA,637,1328,19896,19971,19259,18643,200,200,200,200,200,200,0,0,NA,NA,NA,NA,NA,NA,NA,NA,NA,NA,NA,NA,NA,822,19929,19107,1166,19950,18784,425,19859,19434
results/algorithm1/alg1-prob-5-200|200-ll-2_2.json,5,34101,NA,NA,NA,990,1132,19879,19919,18889,18787,200,200,200,200,200,200,0,0,NA,NA,NA,NA,NA,NA,NA,NA,NA,NA,NA,NA,NA,685,19957,19272,1179,19947,18768,1042,19955,18913
results/algorithm1/alg1-prob-5-200|200-ll-2_3.json,5,34993,NA,NA,NA,1221,1385,19975,19977,18754,18592,200,200,200,200,200,200,0,0,NA,NA,NA,NA,NA,NA,NA,NA,NA,NA,NA,NA,NA,978,19976,18998,1162,19896,18734,1097,19951,18854
results/algorithm1/alg1-prob-5-200|200-ll-2_4.json,5,34338,NA,NA,NA,929,1194,19877,19852,18948,18658,200,200,200,200,200,200,0,0,NA,NA,NA,NA,NA,NA,NA,NA,NA,NA,NA,NA,NA,694,19952,19258,1350,19948,18598,1132,19879,18747
results/algorithm1/alg1-prob-5-200|200-ll-2_5.json,5,34382,NA,NA,NA,1025,1753,19970,19967,18945,18214,200,200,200,200,200,200,0,0,NA,NA,NA,NA,NA,NA,NA,NA,NA,NA,NA,NA,NA,1454,19982,18528,605,19903,19298,1080,19898,18818
results/algorithm1/alg1-prob-5-200|200-mm-2_1.json,5,33067,578,578,32489,110,81,19869,19879,19759,19798,200,200,66,65,66,65,134,135,NA,NA,NA,NA,NA,NA,NA,NA,NA,NA,NA,NA,NA,170,19952,19782,165,19767,19602,104,19938,19834
results/algorithm1/alg1-prob-5-200|200-mm-2_2.json,5,32074,550,550,31524,12,100,19951,19950,19939,19850,200,200,62,73,62,73,138,127,NA,NA,NA,NA,NA,NA,NA,NA,NA,NA,NA,NA,NA,50,19916,19866,119,19892,19773,272,19954,19682
results/algorithm1/alg1-prob-5-200|200-mm-2_3.json,5,31435,581,581,30854,236,153,19709,19675,19473,19522,200,200,62,66,62,66,138,134,NA,NA,NA,NA,NA,NA,NA,NA,NA,NA,NA,NA,NA,183,19873,19690,79,19803,19724,108,19836,19728
results/algorithm1/alg1-prob-5-200|200-mm-2_4.json,5,31470,574,574,30896,37,148,19814,19943,19777,19795,200,200,64,67,64,67,136,133,NA,NA,NA,NA,NA,NA,NA,NA,NA,NA,NA,NA,NA,69,19976,19907,97,19825,19728,74,19784,19710
results/algorithm1/alg1-prob-5-200|200-mm-2_5.json,5,30031,595,595,29436,8,17,19943,19920,19935,19903,200,200,67,73,67,73,133,127,NA,NA,NA,NA,NA,NA,NA,NA,NA,NA,NA,NA,NA,21,19907,19886,145,19817,19672,260,19937,19677
results/algorithm1/alg1-prob-5-200|200-ul-2_1.json,5,34977,1206,1206,33771,391,619,19652,19385,19261,18766,200,200,200,56,200,56,0,144,NA,NA,NA,NA,NA,NA,NA,NA,NA,NA,NA,NA,NA,407,19604,19197,845,19003,18158,476,19635,19159
results/algorithm1/alg1-prob-5-200|200-ul-2_2.json,5,35430,1492,1492,33938,360,789,19268,19285,18908,18496,200,200,200,63,200,63,0,137,NA,NA,NA,NA,NA,NA,NA,NA,NA,NA,NA,NA,NA,765,19456,18691,320,19054,18734,337,19250,18913
results/algorithm1/alg1-prob-5-200|200-ul-2_3.json,5,33819,NA,NA,NA,667,572,19399,19811,18732,19239,200,200,200,49,200,49,0,151,NA,NA,NA,NA,NA,NA,NA,NA,NA,NA,NA,NA,NA,386,19067,18681,491,19327,18836,654,19349,18695
results/algorithm1/alg1-prob-5-200|200-ul-2_4.json,5,34645,NA,NA,NA,359,734,19758,19438,19399,18704,200,200,200,59,200,59,0,141,NA,NA,NA,NA,NA,NA,NA,NA,NA,NA,NA,NA,NA,809,19454,18645,528,19529,19001,854,19538,18684
results/algorithm1/alg1-prob-5-200|200-ul-2_5.json,5,34208,NA,NA,NA,652,625,19741,19406,19089,18781,200,200,200,53,200,53,0,147,NA,NA,NA,NA,NA,NA,NA,NA,NA,NA,NA,NA,NA,372,19628,19256,561,19029,18468,616,19422,18806
results/algorithm1/alg1-prob-5-200|200-uu-2_1.json,5,35549,411,411,35138,131,78,18747,18736,18616,18658,200,200,56,55,56,55,144,145,NA,NA,NA,NA,NA,NA,NA,NA,NA,NA,NA,NA,NA,123,19247,19124,156,18758,18602,42,19205,19163
results/algorithm1/alg1-prob-5-200|200-uu-2_2.json,5,38604,402,402,38202,103,93,19257,18781,19154,18688,200,200,56,50,56,50,144,150,NA,NA,NA,NA,NA,NA,NA,NA,NA,NA,NA,NA,NA,56,19183,19127,188,18458,18270,22,18789,18767
results/algorithm1/alg1-prob-5-200|200-uu-2_3.json,5,37408,422,422,36986,50,170,18916,19260,18866,19090,200,200,56,56,56,56,144,144,NA,NA,NA,NA,NA,NA,NA,NA,NA,NA,NA,NA,NA,89,19385,19296,179,17685,17506,28,19285,19257
results/algorithm1/alg1-prob-5-200|200-uu-2_4.json,5,37859,420,420,37439,56,122,19249,19419,19193,19297,200,200,59,57,59,57,141,143,NA,NA,NA,NA,NA,NA,NA,NA,NA,NA,NA,NA,NA,7,19277,19270,123,18997,18874,43,18925,18882
results/algorithm1/alg1-prob-5-200|200-uu-2_5.json,5,38604,402,402,38202,103,93,19257,18781,19154,18688,200,200,56,50,56,50,144,150,NA,NA,NA,NA,NA,NA,NA,NA,NA,NA,NA,NA,NA,56,19183,19127,188,18458,18270,22,18789,18767
results/algorithm1/alg1-prob-5-300|300-ll-2_1.json,5,76578,NA,NA,NA,1286,734,19991,19944,18705,19210,300,300,300,300,300,300,0,0,NA,NA,NA,NA,NA,NA,NA,NA,NA,NA,NA,NA,NA,787,19952,19165,511,19965,19454,690,19938,19248
results/algorithm1/alg1-prob-5-300|300-ll-2_2.json,5,76352,NA,NA,NA,998,501,19952,19962,18954,19461,300,300,300,300,300,300,0,0,NA,NA,NA,NA,NA,NA,NA,NA,NA,NA,NA,NA,NA,577,19970,19393,706,19890,19184,451,19939,19488
results/algorithm1/alg1-prob-5-300|300-ll-2_3.json,5,75875,NA,NA,NA,787,1380,19903,19918,19116,18538,300,300,300,300,300,300,0,0,NA,NA,NA,NA,NA,NA,NA,NA,NA,NA,NA,NA,NA,857,19974,19117,814,19986,19172,874,19971,19097
results/algorithm1/alg1-prob-5-300|300-ll-2_4.json,5,76198,NA,NA,NA,699,656,19958,19911,19259,19255,300,300,300,300,300,300,0,0,NA,NA,NA,NA,NA,NA,NA,NA,NA,NA,NA,NA,NA,875,19964,19089,795,19916,19121,1199,19974,18775
results/algorithm1/alg1-prob-5-300|300-ll-2_5.json,5,77964,NA,NA,NA,862,771,19947,19958,19085,19187,300,300,300,300,300,300,0,0,NA,NA,NA,NA,NA,NA,NA,NA,NA,NA,NA,NA,NA,980,19980,19000,829,19899,19070,985,19965,18980
results/algorithm1/alg1-prob-5-300|300-mm-2_1.json,5,73165,NA,NA,NA,45,8,19861,19903,19816,19895,300,300,112,87,112,87,188,213,NA,NA,NA,NA,NA,NA,NA,NA,NA,NA,NA,NA,NA,163,19918,19755,37,19974,19937,117,19825,19708
results/algorithm1/alg1-prob-5-300|300-mm-2_2.json,5,76018,NA,NA,NA,59,28,19897,19941,19838,19913,300,300,91,89,91,89,209,211,NA,NA,NA,NA,NA,NA,NA,NA,NA,NA,NA,NA,NA,19,19982,19963,21,19975,19954,70,19973,19903
results/algorithm1/alg1-prob-5-300|300-mm-2_3.json,5,80851,NA,NA,NA,8,47,19802,19904,19794,19857,300,300,99,93,99,93,201,207,NA,NA,NA,NA,NA,NA,NA,NA,NA,NA,NA,NA,NA,60,19872,19812,22,19958,19936,40,19792,19752
results/algorithm1/alg1-prob-5-300|300-mm-2_4.json,5,68597,NA,NA,NA,37,32,19938,19692,19901,19660,300,300,88,89,88,89,212,211,NA,NA,NA,NA,NA,NA,NA,NA,NA,NA,NA,NA,NA,17,19952,19935,46,19968,19922,67,19988,19921
results/algorithm1/alg1-prob-5-300|300-mm-2_5.json,5,70132,NA,NA,NA,67,9,19911,19966,19844,19957,300,300,91,106,91,106,209,194,NA,NA,NA,NA,NA,NA,NA,NA,NA,NA,NA,NA,NA,92,19980,19888,190,19913,19723,37,19956,19919
results/algorithm1/alg1-prob-5-300|300-ul-2_1.json,5,74588,NA,NA,NA,96,487,19639,19633,19543,19146,300,300,300,55,300,55,0,245,NA,NA,NA,NA,NA,NA,NA,NA,NA,NA,NA,NA,NA,201,19714,19513,247,19828,19581,211,19368,19157
results/algorithm1/alg1-prob-5-300|300-ul-2_2.json,5,76752,NA,NA,NA,527,602,19884,19622,19357,19020,300,300,300,42,300,42,0,258,NA,NA,NA,NA,NA,NA,NA,NA,NA,NA,NA,NA,NA,504,19826,19322,160,19432,19272,370,19744,19374
results/algorithm1/alg1-prob-5-300|300-ul-2_3.json,5,75764,NA,NA,NA,141,200,19568,19760,19427,19560,300,300,300,47,300,47,0,253,NA,NA,NA,NA,NA,NA,NA,NA,NA,NA,NA,NA,NA,293,19885,19592,478,19444,18966,593,19452,18859
results/algorithm1/alg1-prob-5-300|300-ul-2_4.json,5,72342,NA,NA,NA,555,573,19710,19348,19155,18775,300,300,300,55,300,55,0,245,NA,NA,NA,NA,NA,NA,NA,NA,NA,NA,NA,NA,NA,513,19083,18570,179,19248,19069,403,19793,19390
results/algorithm1/alg1-prob-5-300|300-ul-2_5.json,5,73495,NA,NA,NA,599,298,19873,19617,19274,19319,300,300,300,42,300,42,0,258,NA,NA,NA,NA,NA,NA,NA,NA,NA,NA,NA,NA,NA,364,19837,19473,388,19427,19039,473,19702,19229
results/algorithm1/alg1-prob-5-300|300-uu-2_1.json,5,82809,448,448,82361,51,140,19654,19213,19603,19073,300,300,59,63,59,63,241,237,NA,NA,NA,NA,NA,NA,NA,NA,NA,NA,NA,NA,NA,73,19354,19281,24,19004,18980,27,18814,18787
results/algorithm1/alg1-prob-5-300|300-uu-2_2.json,5,76348,399,399,75949,58,85,19594,19225,19536,19140,300,300,49,63,49,63,251,237,NA,NA,NA,NA,NA,NA,NA,NA,NA,NA,NA,NA,NA,70,19519,19449,26,19274,19248,2,19204,19202
results/algorithm1/alg1-prob-5-300|300-uu-2_3.json,5,83865,388,388,83477,63,75,19595,19200,19532,19125,300,300,55,59,55,59,245,241,NA,NA,NA,NA,NA,NA,NA,NA,NA,NA,NA,NA,NA,24,18808,18784,33,18611,18578,65,19182,19117
results/algorithm1/alg1-prob-5-300|300-uu-2_4.json,5,77809,368,368,77441,34,21,19460,19513,19426,19492,300,300,49,55,49,55,251,245,NA,NA,NA,NA,NA,NA,NA,NA,NA,NA,NA,NA,NA,17,19625,19608,12,19460,19448,45,19136,19091
results/algorithm1/alg1-prob-5-300|300-uu-2_5.json,5,81292,344,344,80948,70,20,19535,19212,19465,19192,300,300,49,55,49,55,251,245,NA,NA,NA,NA,NA,NA,NA,NA,NA,NA,NA,NA,NA,21,18973,18952,35,18881,18846,40,19572,19532
results/algorithm1/alg1-prob-5-50|50-ll-2_1.json,5,2260,574,574,1686,2280,2187,19933,19594,17653,17407,50,50,50,50,50,50,0,0,NA,NA,NA,NA,NA,NA,NA,NA,NA,NA,NA,NA,NA,1758,19807,18049,769,19942,19173,1591,19796,18205
results/algorithm1/alg1-prob-5-50|50-ll-2_2.json,5,2369,599,599,1770,917,2977,19547,19799,18630,16822,50,50,50,50,50,50,0,0,NA,NA,NA,NA,NA,NA,NA,NA,NA,NA,NA,NA,NA,3643,19953,16310,2507,19767,17260,2148,19930,17782
results/algorithm1/alg1-prob-5-50|50-ll-2_3.json,5,2297,578,578,1719,656,2152,19752,19674,19096,17522,50,50,50,50,50,50,0,0,NA,NA,NA,NA,NA,NA,NA,NA,NA,NA,NA,NA,NA,2647,19917,17270,2206,19860,17654,1512,19647,18135
results/algorithm1/alg1-prob-5-50|50-ll-2_4.json,5,2327,604,604,1723,2009,2258,19764,19706,17755,17448,50,50,50,50,50,50,0,0,NA,NA,NA,NA,NA,NA,NA,NA,NA,NA,NA,NA,NA,1757,19850,18093,1427,19764,18337,1497,19385,17888
results/algorithm1/alg1-prob-5-50|50-ll-2_5.json,5,2359,612,612,1747,2529,2379,19843,19985,17314,17606,50,50,50,50,50,50,0,0,NA,NA,NA,NA,NA,NA,NA,NA,NA,NA,NA,NA,NA,2605,19752,17147,1654,19797,18143,1761,19417,17656
results/algorithm1/alg1-prob-5-50|50-mm-2_1.json,5,2113,207,207,1906,284,313,19565,19851,19281,19538,50,50,25,29,25,29,25,21,NA,NA,NA,NA,NA,NA,NA,NA,NA,NA,NA,NA,NA,218,19571,19353,293,19872,19579,354,19264,18910
results/algorithm1/alg1-prob-5-50|50-mm-2_2.json,5,1896,192,192,1704,95,364,19029,19295,18934,18931,50,50,27,26,27,26,23,24,NA,NA,NA,NA,NA,NA,NA,NA,NA,NA,NA,NA,NA,783,19781,18998,979,19926,18947,1064,19558,18494
results/algorithm1/alg1-prob-5-50|50-mm-2_3.json,5,2207,208,208,1999,515,303,18464,19635,17949,19332,50,50,29,31,29,31,21,19,NA,NA,NA,NA,NA,NA,NA,NA,NA,NA,NA,NA,NA,463,19737,19274,217,19587,19370,433,18228,17795
results/algorithm1/alg1-prob-5-50|50-mm-2_4.json,5,2133,187,187,1946,79,233,19382,19402,19303,19169,50,50,25,27,25,27,25,23,NA,NA,NA,NA,NA,NA,NA,NA,NA,NA,NA,NA,NA,120,19637,19517,663,19918,19255,1068,19317,18249
results/algorithm1/alg1-prob-5-50|50-mm-2_5.json,5,2133,187,187,1946,79,233,19382,19402,19303,19169,50,50,25,27,25,27,25,23,NA,NA,NA,NA,NA,NA,NA,NA,NA,NA,NA,NA,NA,120,19637,19517,663,19918,19255,1068,19317,18249
results/algorithm1/alg1-prob-5-50|50-ul-2_1.json,5,2245,305,305,1940,1361,360,18888,18991,17527,18631,50,50,50,25,50,25,0,25,NA,NA,NA,NA,NA,NA,NA,NA,NA,NA,NA,NA,NA,815,17409,16594,607,19502,18895,465,17411,16946
results/algorithm1/alg1-prob-5-50|50-ul-2_2.json,5,2320,335,335,1985,1255,1202,19365,19176,18110,17974,50,50,50,29,50,29,0,21,NA,NA,NA,NA,NA,NA,NA,NA,NA,NA,NA,NA,NA,1881,18223,16342,674,19221,18547,1095,19157,18062
results/algorithm1/alg1-prob-5-50|50-ul-2_3.json,5,2325,305,305,2020,996,1906,19081,19022,18085,17116,50,50,50,29,50,29,0,21,NA,NA,NA,NA,NA,NA,NA,NA,NA,NA,NA,NA,NA,2029,18357,16328,748,19095,18347,1467,19406,17939
results/algorithm1/alg1-prob-5-50|50-ul-2_4.json,5,2280,289,289,1991,218,1242,19500,18755,19282,17513,50,50,50,22,50,22,0,28,NA,NA,NA,NA,NA,NA,NA,NA,NA,NA,NA,NA,NA,1748,19147,17399,1945,18629,16684,897,19765,18868
results/algorithm1/alg1-prob-5-50|50-ul-2_5.json,5,2345,322,322,2023,1217,1958,19372,18385,18155,16427,50,50,50,23,50,23,0,27,NA,NA,NA,NA,NA,NA,NA,NA,NA,NA,NA,NA,NA,1600,17973,16373,918,19655,18737,1984,17858,15874
results/algorithm1/alg1-prob-5-50|50-uu-2_1.json,5,2378,193,193,2185,388,291,18856,18241,18468,17950,50,50,29,31,29,31,21,19,NA,NA,NA,NA,NA,NA,NA,NA,NA,NA,NA,NA,NA,212,17886,17674,156,18384,18228,204,17715,17511
results/algorithm1/alg1-prob-5-50|50-uu-2_2.json,5,2428,161,161,2267,294,352,17979,17665,17685,17313,50,50,25,22,25,22,25,28,NA,NA,NA,NA,NA,NA,NA,NA,NA,NA,NA,NA,NA,71,17507,17436,264,16000,15736,125,17231,17106
results/algorithm1/alg1-prob-5-50|50-uu-2_3.json,5,2444,178,178,2266,327,299,19247,17469,18920,17170,50,50,31,23,31,23,19,27,NA,NA,NA,NA,NA,NA,NA,NA,NA,NA,NA,NA,NA,122,17930,17808,209,18874,18665,151,16408,16257
results/algorithm1/alg1-prob-5-50|50-uu-2_4.json,5,2275,164,164,2111,131,218,16751,17473,16620,17255,50,50,22,22,22,22,28,28,NA,NA,NA,NA,NA,NA,NA,NA,NA,NA,NA,NA,NA,40,17429,17389,396,17194,16798,149,19205,19056
results/algorithm1/alg1-prob-5-50|50-uu-2_5.json,5,2378,193,193,2185,388,291,18856,18241,18468,17950,50,50,29,31,29,31,21,19,NA,NA,NA,NA,NA,NA,NA,NA,NA,NA,NA,NA,NA,212,17886,17674,156,18384,18228,204,17715,17511
results/algorithm1/alg1-prob-5-50|50|50-lll-3_1.json,5,97587,NA,NA,NA,1658,3763,29479,29551,27821,25788,50,50,50,50,50,50,0,0,50,50,50,0,NA,NA,NA,NA,NA,NA,NA,NA,NA,4364,29685,25321,1514,29705,28191,3035,29265,26230
results/algorithm1/alg1-prob-5-50|50|50-lll-3_2.json,5,90855,NA,NA,NA,1674,3325,29742,29660,28068,26335,50,50,50,50,50,50,0,0,50,50,50,0,NA,NA,NA,NA,NA,NA,NA,NA,NA,4434,29752,25318,2782,29860,27078,2462,29356,26894
results/algorithm1/alg1-prob-5-50|50|50-lll-3_3.json,5,96756,NA,NA,NA,3612,4312,29565,29671,25953,25359,50,50,50,50,50,50,0,0,50,50,50,0,NA,NA,NA,NA,NA,NA,NA,NA,NA,4538,29068,24530,1785,29777,27992,3104,29417,26313
results/algorithm1/alg1-prob-5-50|50|50-lll-3_4.json,5,93279,NA,NA,NA,2803,4616,29488,29577,26685,24961,50,50,50,50,50,50,0,0,50,50,50,0,NA,NA,NA,NA,NA,NA,NA,NA,NA,4134,29158,25024,1556,29770,28214,4070,29039,24969
results/algorithm1/alg1-prob-5-50|50|50-lll-3_5.json,5,91124,NA,NA,NA,2560,4882,29427,29542,26867,24660,50,50,50,50,50,50,0,0,50,50,50,0,NA,NA,NA,NA,NA,NA,NA,NA,NA,4352,29359,25007,2898,29799,26901,3869,29300,25431
results/algorithm1/alg1-prob-5-50|50|50-mmm-3_1.json,5,77405,NA,NA,NA,471,1010,28309,29517,27838,28507,50,50,25,31,25,31,25,19,50,28,28,22,NA,NA,NA,NA,NA,NA,NA,NA,NA,442,29734,29292,389,29436,29047,706,28422,27716
results/algorithm1/alg1-prob-5-50|50|50-mmm-3_2.json,5,73440,NA,NA,NA,123,764,28110,29189,27987,28425,50,50,27,26,27,26,23,24,50,27,27,23,NA,NA,NA,NA,NA,NA,NA,NA,NA,822,29693,28871,1198,29878,28680,1151,29200,28049
results/algorithm1/alg1-prob-5-50|50|50-mmm-3_3.json,5,85395,NA,NA,NA,745,959,28170,28780,27425,27821,50,50,27,31,27,31,23,19,50,23,23,27,NA,NA,NA,NA,NA,NA,NA,NA,NA,484,29547,29063,730,29715,28985,1481,27729,26248
results/algorithm1/alg1-prob-5-50|50|50-mmm-3_4.json,5,85637,NA,NA,NA,1163,612,26958,29455,25795,28843,50,50,26,31,26,31,24,19,50,27,27,23,NA,NA,NA,NA,NA,NA,NA,NA,NA,543,29432,28889,397,29636,29239,506,28141,27635
results/algorithm1/alg1-prob-5-50|50|50-mmm-3_5.json,5,74663,NA,NA,NA,550,453,27909,28669,27359,28216,50,50,27,31,27,31,23,19,50,29,29,21,NA,NA,NA,NA,NA,NA,NA,NA,NA,402,29798,29396,904,29606,28702,1273,28197,26924
results/algorithm1/alg1-prob-5-50|50|50-ull-3_1.json,5,81432,NA,NA,NA,3051,2538,28937,29542,25886,27004,50,50,50,50,50,50,0,0,50,20,20,30,NA,NA,NA,NA,NA,NA,NA,NA,NA,2805,27856,25051,1694,29132,27438,1902,28942,27040
results/algorithm1/alg1-prob-5-50|50|50-ull-3_2.json,5,93014,NA,NA,NA,1001,1968,28678,28944,27677,26976,50,50,50,50,50,50,0,0,50,25,25,25,NA,NA,NA,NA,NA,NA,NA,NA,NA,3303,27203,23900,2484,29279,26795,1878,26858,24980
results/algorithm1/alg1-prob-5-50|50|50-ull-3_3.json,5,96820,NA,NA,NA,2808,2420,29334,28874,26526,26454,50,50,50,50,50,50,0,0,50,29,29,21,NA,NA,NA,NA,NA,NA,NA,NA,NA,3036,27915,24879,1116,29067,27951,1357,29148,27791
results/algorithm1/alg1-prob-5-50|50|50-ull-3_4.json,5,89991,NA,NA,NA,2402,2281,28494,28968,26092,26687,50,50,50,50,50,50,0,0,50,25,25,25,NA,NA,NA,NA,NA,NA,NA,NA,NA,2411,26950,24539,1374,29446,28072,2357,27128,24771
results/algorithm1/alg1-prob-5-50|50|50-ull-3_5.json,5,95193,NA,NA,NA,2680,2641,29324,29046,26644,26405,50,50,50,50,50,50,0,0,50,31,31,19,NA,NA,NA,NA,NA,NA,NA,NA,NA,2723,29250,26527,1712,28960,27248,1820,27684,25864
results/algorithm1/alg1-prob-5-50|50|50-uuu-3_1.json,5,94857,NA,NA,NA,191,360,26410,26271,26219,25911,50,50,22,22,22,22,28,28,50,22,22,28,NA,NA,NA,NA,NA,NA,NA,NA,NA,80,26592,26512,484,25930,25446,220,28998,28778
results/algorithm1/alg1-prob-5-50|50|50-uuu-3_2.json,5,91770,NA,NA,NA,573,252,25686,26478,25113,26226,50,50,25,22,25,22,25,28,50,22,22,28,NA,NA,NA,NA,NA,NA,NA,NA,NA,145,24865,24720,508,26716,26208,174,26638,26464
results/algorithm1/alg1-prob-5-50|50|50-uuu-3_3.json,5,102497,NA,NA,NA,445,614,27460,26726,27015,26112,50,50,31,25,31,25,19,25,50,22,22,28,NA,NA,NA,NA,NA,NA,NA,NA,NA,189,27005,26816,322,25163,24841,184,25498,25314
results/algorithm1/alg1-prob-5-50|50|50-uuu-3_4.json,5,87887,NA,NA,NA,660,473,27482,26388,26822,25915,50,50,31,25,31,25,19,25,50,22,22,28,NA,NA,NA,NA,NA,NA,NA,NA,NA,235,25554,25319,344,26963,26619,172,25129,24957
results/algorithm1/alg1-prob-5-50|50|50-uuu-3_5.json,5,109465,NA,NA,NA,394,476,28313,25791,27919,25315,50,50,31,22,31,22,19,28,50,23,23,27,NA,NA,NA,NA,NA,NA,NA,NA,NA,134,26550,26416,383,27152,26769,239,25837,25598
results/algorithm1/alg1-prob-5-600|600-ll-2_1.json,5,296713,NA,NA,NA,427,301,19973,19987,19546,19686,600,600,600,600,600,600,0,0,NA,NA,NA,NA,NA,NA,NA,NA,NA,NA,NA,NA,NA,405,19973,19568,730,19951,19221,541,19994,19453
results/algorithm1/alg1-prob-5-600|600-ll-2_2.json,5,289372,NA,NA,NA,511,832,19991,19985,19480,19153,600,600,600,600,600,600,0,0,NA,NA,NA,NA,NA,NA,NA,NA,NA,NA,NA,NA,NA,605,19984,19379,652,19929,19277,549,19985,19436
results/algorithm1/alg1-prob-5-600|600-ll-2_3.json,5,300676,NA,NA,NA,658,692,19998,19994,19340,19302,600,600,600,600,600,600,0,0,NA,NA,NA,NA,NA,NA,NA,NA,NA,NA,NA,NA,NA,734,19997,19263,526,19983,19457,793,19967,19174
results/algorithm1/alg1-prob-5-600|600-ll-2_4.json,5,290048,NA,NA,NA,428,230,19975,19992,19547,19762,600,600,600,600,600,600,0,0,NA,NA,NA,NA,NA,NA,NA,NA,NA,NA,NA,NA,NA,540,19985,19445,575,19989,19414,461,19979,19518
results/algorithm1/alg1-prob-5-600|600-ll-2_5.json,5,294505,NA,NA,NA,325,683,19972,19991,19647,19308,600,600,600,600,600,600,0,0,NA,NA,NA,NA,NA,NA,NA,NA,NA,NA,NA,NA,NA,459,19978,19519,481,19969,19488,1008,19983,18975
results/algorithm1/alg1-prob-5-600|600-mm-2_1.json,5,282982,NA,NA,NA,5,28,19977,19980,19972,19952,600,600,122,135,122,135,478,465,NA,NA,NA,NA,NA,NA,NA,NA,NA,NA,NA,NA,NA,28,19983,19955,12,19933,19921,6,19940,19934
results/algorithm1/alg1-prob-5-600|600-mm-2_2.json,5,318516,NA,NA,NA,10,18,19923,19888,19913,19870,600,600,125,135,125,135,475,465,NA,NA,NA,NA,NA,NA,NA,NA,NA,NA,NA,NA,NA,25,19958,19933,17,19958,19941,0,19936,19936
results/algorithm1/alg1-prob-5-600|600-mm-2_3.json,5,333770,NA,NA,NA,7,17,19932,19904,19925,19887,600,600,125,151,125,151,475,449,NA,NA,NA,NA,NA,NA,NA,NA,NA,NA,NA,NA,NA,48,19933,19885,7,19937,19930,1,19940,19939
results/algorithm1/alg1-prob-5-600|600-mm-2_4.json,5,298810,NA,NA,NA,4,35,19967,19976,19963,19941,600,600,145,122,145,122,455,478,NA,NA,NA,NA,NA,NA,NA,NA,NA,NA,NA,NA,NA,38,19908,19870,13,19940,19927,10,19942,19932
results/algorithm1/alg1-prob-5-600|600-mm-2_5.json,5,330269,NA,NA,NA,48,27,19978,19963,19930,19936,600,600,138,117,138,117,462,483,NA,NA,NA,NA,NA,NA,NA,NA,NA,NA,NA,NA,NA,26,19862,19836,7,19968,19961,6,19974,19968
results/algorithm1/alg1-prob-5-600|600-ul-2_1.json,5,305594,NA,NA,NA,183,462,19718,19685,19535,19223,600,600,600,72,600,72,0,528,NA,NA,NA,NA,NA,NA,NA,NA,NA,NA,NA,NA,NA,245,19667,19422,226,19660,19434,411,19669,19258
results/algorithm1/alg1-prob-5-600|600-ul-2_2.json,5,308758,NA,NA,NA,316,611,19641,19344,19325,18733,600,600,600,73,600,73,0,527,NA,NA,NA,NA,NA,NA,NA,NA,NA,NA,NA,NA,NA,385,19674,19289,226,19478,19252,81,19852,19771
results/algorithm1/alg1-prob-5-600|600-ul-2_3.json,5,279769,NA,NA,NA,106,209,19733,19637,19627,19428,600,600,600,72,600,72,0,528,NA,NA,NA,NA,NA,NA,NA,NA,NA,NA,NA,NA,NA,392,19668,19276,655,19665,19010,186,19678,19492
results/algorithm1/alg1-prob-5-600|600-ul-2_4.json,5,287782,NA,NA,NA,110,207,19380,19534,19270,19327,600,600,600,88,600,88,0,512,NA,NA,NA,NA,NA,NA,NA,NA,NA,NA,NA,NA,NA,385,19701,19316,679,19830,19151,229,19886,19657
results/algorithm1/alg1-prob-5-600|600-ul-2_5.json,5,299547,NA,NA,NA,105,208,19466,19399,19361,19191,600,600,600,87,600,87,0,513,NA,NA,NA,NA,NA,NA,NA,NA,NA,NA,NA,NA,NA,393,19587,19194,662,19726,19064,184,19899,19715
results/algorithm1/alg1-prob-5-600|600-uu-2_1.json,5,282001,NA,NA,NA,16,7,18953,19238,18937,19231,600,600,80,87,80,87,520,513,NA,NA,NA,NA,NA,NA,NA,NA,NA,NA,NA,NA,NA,18,19311,19293,29,19410,19381,20,19537,19517
results/algorithm1/alg1-prob-5-600|600-uu-2_2.json,5,314951,NA,NA,NA,6,12,19123,19285,19117,19273,600,600,88,72,88,72,512,528,NA,NA,NA,NA,NA,NA,NA,NA,NA,NA,NA,NA,NA,11,19373,19362,26,19519,19493,63,19576,19513
results/algorithm1/alg1-prob-5-600|600-uu-2_3.json,5,286404,NA,NA,NA,5,11,18856,19047,18851,19036,600,600,88,87,88,87,512,513,NA,NA,NA,NA,NA,NA,NA,NA,NA,NA,NA,NA,NA,12,19292,19280,33,19580,19547,61,19797,19736
results/algorithm1/alg1-prob-5-600|600-uu-2_4.json,5,300716,NA,NA,NA,13,38,19031,18943,19018,18905,600,600,88,73,88,73,512,527,NA,NA,NA,NA,NA,NA,NA,NA,NA,NA,NA,NA,NA,7,19379,19372,27,19353,19326,57,19759,19702
results/algorithm1/alg1-prob-5-600|600-uu-2_5.json,5,309181,NA,NA,NA,8,39,19117,18808,19109,18769,600,600,73,87,73,87,527,513,NA,NA,NA,NA,NA,NA,NA,NA,NA,NA,NA,NA,NA,15,19265,19250,10,19249,19239,12,19772,19760
