path,p,card,supported,extreme,unsupported,min1,min2,max1,max2,width1,width2,method,min3,max3,width3,min4,max4,width4,min5,max5,width5
subproblems/sup-2-10-l_1.json,2,10,10,10,0,8,0,9944,9596,9936,9596,l,NA,NA,NA,NA,NA,NA,NA,NA,NA
subproblems/sup-2-10-l_10.json,2,10,9,9,1,76,23,9321,8770,9245,8747,l,NA,NA,NA,NA,NA,NA,NA,NA,NA
subproblems/sup-2-10-l_2.json,2,10,10,10,0,0,8,9609,9911,9609,9903,l,NA,NA,NA,NA,NA,NA,NA,NA,NA
subproblems/sup-2-10-l_3.json,2,10,9,9,1,14,262,7727,9466,7713,9204,l,NA,NA,NA,NA,NA,NA,NA,NA,NA
subproblems/sup-2-10-l_4.json,2,10,10,10,0,2,12,9509,9804,9507,9792,l,NA,NA,NA,NA,NA,NA,NA,NA,NA
subproblems/sup-2-10-l_5.json,2,10,10,10,0,0,84,8706,9975,8706,9891,l,NA,NA,NA,NA,NA,NA,NA,NA,NA
subproblems/sup-2-10-l_6.json,2,10,10,10,0,3,363,7331,9737,7328,9374,l,NA,NA,NA,NA,NA,NA,NA,NA,NA
subproblems/sup-2-10-l_7.json,2,10,10,10,0,8,2330,3583,9589,3575,7259,l,NA,NA,NA,NA,NA,NA,NA,NA,NA
subproblems/sup-2-10-l_8.json,2,10,10,10,0,21,25,9293,9354,9272,9329,l,NA,NA,NA,NA,NA,NA,NA,NA,NA
subproblems/sup-2-10-l_9.json,2,10,10,10,0,67,68,8832,8846,8765,8778,l,NA,NA,NA,NA,NA,NA,NA,NA,NA
subproblems/sup-2-10-m_1.json,2,10,3,3,7,92,107,9438,8069,9346,7962,m,NA,NA,NA,NA,NA,NA,NA,NA,NA
subproblems/sup-2-10-m_10.json,2,10,4,4,6,589,159,8699,7891,8110,7732,m,NA,NA,NA,NA,NA,NA,NA,NA,NA
subproblems/sup-2-10-m_2.json,2,10,4,4,6,899,488,8982,7158,8083,6670,m,NA,NA,NA,NA,NA,NA,NA,NA,NA
subproblems/sup-2-10-m_3.json,2,10,3,3,7,1494,539,7526,9539,6032,9000,m,NA,NA,NA,NA,NA,NA,NA,NA,NA
subproblems/sup-2-10-m_4.json,2,10,4,4,6,1657,663,9100,9244,7443,8581,m,NA,NA,NA,NA,NA,NA,NA,NA,NA
subproblems/sup-2-10-m_5.json,2,10,3,3,7,901,42,9713,7544,8812,7502,m,NA,NA,NA,NA,NA,NA,NA,NA,NA
subproblems/sup-2-10-m_6.json,2,10,3,3,7,626,35,8750,7540,8124,7505,m,NA,NA,NA,NA,NA,NA,NA,NA,NA
subproblems/sup-2-10-m_7.json,2,10,2,2,8,400,64,8092,8085,7692,8021,m,NA,NA,NA,NA,NA,NA,NA,NA,NA
subproblems/sup-2-10-m_8.json,2,10,5,5,5,482,2037,7242,9812,6760,7775,m,NA,NA,NA,NA,NA,NA,NA,NA,NA
subproblems/sup-2-10-m_9.json,2,10,4,4,6,17,207,8704,8019,8687,7812,m,NA,NA,NA,NA,NA,NA,NA,NA,NA
subproblems/sup-2-10-u_1.json,2,10,2,2,8,1271,81,10000,9919,8729,9838,u,NA,NA,NA,NA,NA,NA,NA,NA,NA
subproblems/sup-2-10-u_10.json,2,10,2,2,8,1279,435,9991,9918,8712,9483,u,NA,NA,NA,NA,NA,NA,NA,NA,NA
subproblems/sup-2-10-u_2.json,2,10,2,2,8,511,736,9973,9987,9462,9251,u,NA,NA,NA,NA,NA,NA,NA,NA,NA
subproblems/sup-2-10-u_3.json,2,10,2,2,8,2147,241,9997,9767,7850,9526,u,NA,NA,NA,NA,NA,NA,NA,NA,NA
subproblems/sup-2-10-u_4.json,2,10,2,2,8,1036,264,9997,9946,8961,9682,u,NA,NA,NA,NA,NA,NA,NA,NA,NA
subproblems/sup-2-10-u_5.json,2,10,2,2,8,5543,638,9980,8323,4437,7685,u,NA,NA,NA,NA,NA,NA,NA,NA,NA
subproblems/sup-2-10-u_6.json,2,10,2,2,8,3210,361,9993,9471,6783,9110,u,NA,NA,NA,NA,NA,NA,NA,NA,NA
subproblems/sup-2-10-u_7.json,2,10,2,2,8,2006,660,9978,9797,7972,9137,u,NA,NA,NA,NA,NA,NA,NA,NA,NA
subproblems/sup-2-10-u_8.json,2,10,2,2,8,2394,637,9980,9709,7586,9072,u,NA,NA,NA,NA,NA,NA,NA,NA,NA
subproblems/sup-2-10-u_9.json,2,10,2,2,8,231,2330,9725,9997,9494,7667,u,NA,NA,NA,NA,NA,NA,NA,NA,NA
subproblems/sup-2-100-l_1.json,2,100,82,81,18,7,1,9870,9625,9863,9624,l,NA,NA,NA,NA,NA,NA,NA,NA,NA
subproblems/sup-2-100-l_10.json,2,100,88,87,12,0,0,9936,9941,9936,9941,l,NA,NA,NA,NA,NA,NA,NA,NA,NA
subproblems/sup-2-100-l_2.json,2,100,88,87,12,0,5,9693,9983,9693,9978,l,NA,NA,NA,NA,NA,NA,NA,NA,NA
subproblems/sup-2-100-l_3.json,2,100,84,82,16,0,0,9996,9908,9996,9908,l,NA,NA,NA,NA,NA,NA,NA,NA,NA
subproblems/sup-2-100-l_4.json,2,100,86,83,14,1,0,9945,9857,9944,9857,l,NA,NA,NA,NA,NA,NA,NA,NA,NA
subproblems/sup-2-100-l_5.json,2,100,82,82,18,0,1,9860,9911,9860,9910,l,NA,NA,NA,NA,NA,NA,NA,NA,NA
subproblems/sup-2-100-l_6.json,2,100,82,81,18,0,0,9924,9920,9924,9920,l,NA,NA,NA,NA,NA,NA,NA,NA,NA
subproblems/sup-2-100-l_7.json,2,100,80,80,20,7,4,9708,9635,9701,9631,l,NA,NA,NA,NA,NA,NA,NA,NA,NA
subproblems/sup-2-100-l_8.json,2,100,78,78,22,1,0,9907,9838,9906,9838,l,NA,NA,NA,NA,NA,NA,NA,NA,NA
subproblems/sup-2-100-l_9.json,2,100,78,77,22,0,2,9824,9924,9824,9922,l,NA,NA,NA,NA,NA,NA,NA,NA,NA
subproblems/sup-2-100-m_1.json,2,100,12,11,88,3,9,9522,9428,9519,9419,m,NA,NA,NA,NA,NA,NA,NA,NA,NA
subproblems/sup-2-100-m_10.json,2,100,12,12,88,17,10,9271,9251,9254,9241,m,NA,NA,NA,NA,NA,NA,NA,NA,NA
subproblems/sup-2-100-m_2.json,2,100,11,11,89,0,0,8261,8072,8261,8072,m,NA,NA,NA,NA,NA,NA,NA,NA,NA
subproblems/sup-2-100-m_3.json,2,100,11,11,89,22,9,9544,8182,9522,8173,m,NA,NA,NA,NA,NA,NA,NA,NA,NA
subproblems/sup-2-100-m_4.json,2,100,8,8,92,7,0,8708,8096,8701,8096,m,NA,NA,NA,NA,NA,NA,NA,NA,NA
subproblems/sup-2-100-m_5.json,2,100,10,10,90,4,10,8587,8665,8583,8655,m,NA,NA,NA,NA,NA,NA,NA,NA,NA
subproblems/sup-2-100-m_6.json,2,100,13,13,87,4,21,9002,8539,8998,8518,m,NA,NA,NA,NA,NA,NA,NA,NA,NA
subproblems/sup-2-100-m_7.json,2,100,11,10,89,17,15,9657,9695,9640,9680,m,NA,NA,NA,NA,NA,NA,NA,NA,NA
subproblems/sup-2-100-m_8.json,2,100,11,11,89,0,3,8501,9601,8501,9598,m,NA,NA,NA,NA,NA,NA,NA,NA,NA
subproblems/sup-2-100-m_9.json,2,100,10,10,90,0,3,8935,9201,8935,9198,m,NA,NA,NA,NA,NA,NA,NA,NA,NA
subproblems/sup-2-100-u_1.json,2,100,2,2,98,110,21,10000,9999,9890,9978,u,NA,NA,NA,NA,NA,NA,NA,NA,NA
subproblems/sup-2-100-u_10.json,2,100,2,2,98,284,58,10000,9996,9716,9938,u,NA,NA,NA,NA,NA,NA,NA,NA,NA
subproblems/sup-2-100-u_2.json,2,100,2,2,98,107,108,9999,9999,9892,9891,u,NA,NA,NA,NA,NA,NA,NA,NA,NA
subproblems/sup-2-100-u_3.json,2,100,2,2,98,23,82,10000,10000,9977,9918,u,NA,NA,NA,NA,NA,NA,NA,NA,NA
subproblems/sup-2-100-u_4.json,2,100,2,2,98,218,138,9999,9998,9781,9860,u,NA,NA,NA,NA,NA,NA,NA,NA,NA
subproblems/sup-2-100-u_5.json,2,100,2,2,98,86,555,9985,10000,9899,9445,u,NA,NA,NA,NA,NA,NA,NA,NA,NA
subproblems/sup-2-100-u_6.json,2,100,2,2,98,323,656,9978,9995,9655,9339,u,NA,NA,NA,NA,NA,NA,NA,NA,NA
subproblems/sup-2-100-u_7.json,2,100,2,2,98,10,155,9999,10000,9989,9845,u,NA,NA,NA,NA,NA,NA,NA,NA,NA
subproblems/sup-2-100-u_8.json,2,100,2,2,98,219,170,9999,9998,9780,9828,u,NA,NA,NA,NA,NA,NA,NA,NA,NA
subproblems/sup-2-100-u_9.json,2,100,2,2,98,72,79,10000,10000,9928,9921,u,NA,NA,NA,NA,NA,NA,NA,NA,NA
subproblems/sup-2-150-l_1.json,2,150,107,105,43,0,2,9801,9969,9801,9967,l,NA,NA,NA,NA,NA,NA,NA,NA,NA
subproblems/sup-2-150-l_10.json,2,150,109,107,41,4,0,9951,9731,9947,9731,l,NA,NA,NA,NA,NA,NA,NA,NA,NA
subproblems/sup-2-150-l_2.json,2,150,107,106,43,2,1,9889,9800,9887,9799,l,NA,NA,NA,NA,NA,NA,NA,NA,NA
subproblems/sup-2-150-l_3.json,2,150,109,107,41,2,0,9931,9790,9929,9790,l,NA,NA,NA,NA,NA,NA,NA,NA,NA
subproblems/sup-2-150-l_4.json,2,150,106,106,44,1,0,9979,9843,9978,9843,l,NA,NA,NA,NA,NA,NA,NA,NA,NA
subproblems/sup-2-150-l_5.json,2,150,111,106,39,0,5,9669,9959,9669,9954,l,NA,NA,NA,NA,NA,NA,NA,NA,NA
subproblems/sup-2-150-l_6.json,2,150,110,109,40,0,0,9973,9911,9973,9911,l,NA,NA,NA,NA,NA,NA,NA,NA,NA
subproblems/sup-2-150-l_7.json,2,150,110,107,40,0,0,9906,9914,9906,9914,l,NA,NA,NA,NA,NA,NA,NA,NA,NA
subproblems/sup-2-150-l_8.json,2,150,111,108,39,0,1,9865,9915,9865,9914,l,NA,NA,NA,NA,NA,NA,NA,NA,NA
subproblems/sup-2-150-l_9.json,2,150,110,110,40,0,3,9764,9906,9764,9903,l,NA,NA,NA,NA,NA,NA,NA,NA,NA
subproblems/sup-2-150-m_1.json,2,150,11,11,139,5,3,9855,8872,9850,8869,m,NA,NA,NA,NA,NA,NA,NA,NA,NA
subproblems/sup-2-150-m_10.json,2,150,13,11,137,9,2,8697,9828,8688,9826,m,NA,NA,NA,NA,NA,NA,NA,NA,NA
subproblems/sup-2-150-m_2.json,2,150,9,9,141,3,1,9148,9468,9145,9467,m,NA,NA,NA,NA,NA,NA,NA,NA,NA
subproblems/sup-2-150-m_3.json,2,150,7,7,143,5,1,8654,9359,8649,9358,m,NA,NA,NA,NA,NA,NA,NA,NA,NA
subproblems/sup-2-150-m_4.json,2,150,9,8,141,4,1,8886,8259,8882,8258,m,NA,NA,NA,NA,NA,NA,NA,NA,NA
subproblems/sup-2-150-m_5.json,2,150,9,9,141,0,0,8323,9486,8323,9486,m,NA,NA,NA,NA,NA,NA,NA,NA,NA
subproblems/sup-2-150-m_6.json,2,150,10,10,140,1,2,9086,9860,9085,9858,m,NA,NA,NA,NA,NA,NA,NA,NA,NA
subproblems/sup-2-150-m_7.json,2,150,14,14,136,0,2,8857,8973,8857,8971,m,NA,NA,NA,NA,NA,NA,NA,NA,NA
subproblems/sup-2-150-m_8.json,2,150,15,14,135,8,2,8295,8859,8287,8857,m,NA,NA,NA,NA,NA,NA,NA,NA,NA
subproblems/sup-2-150-m_9.json,2,150,10,10,140,1,0,8779,9591,8778,9591,m,NA,NA,NA,NA,NA,NA,NA,NA,NA
subproblems/sup-2-150-u_1.json,2,150,2,2,148,13,199,9998,10000,9985,9801,u,NA,NA,NA,NA,NA,NA,NA,NA,NA
subproblems/sup-2-150-u_10.json,2,150,2,2,148,57,203,9998,10000,9941,9797,u,NA,NA,NA,NA,NA,NA,NA,NA,NA
subproblems/sup-2-150-u_2.json,2,150,2,2,148,199,87,10000,9998,9801,9911,u,NA,NA,NA,NA,NA,NA,NA,NA,NA
subproblems/sup-2-150-u_3.json,2,150,2,2,148,46,101,9999,10000,9953,9899,u,NA,NA,NA,NA,NA,NA,NA,NA,NA
subproblems/sup-2-150-u_4.json,2,150,2,2,148,28,17,10000,10000,9972,9983,u,NA,NA,NA,NA,NA,NA,NA,NA,NA
subproblems/sup-2-150-u_5.json,2,150,2,2,148,23,201,9998,10000,9975,9799,u,NA,NA,NA,NA,NA,NA,NA,NA,NA
subproblems/sup-2-150-u_6.json,2,150,2,2,148,62,13,10000,10000,9938,9987,u,NA,NA,NA,NA,NA,NA,NA,NA,NA
subproblems/sup-2-150-u_7.json,2,150,2,2,148,322,54,10000,9995,9678,9941,u,NA,NA,NA,NA,NA,NA,NA,NA,NA
subproblems/sup-2-150-u_8.json,2,150,2,2,148,55,263,9997,10000,9942,9737,u,NA,NA,NA,NA,NA,NA,NA,NA,NA
subproblems/sup-2-150-u_9.json,2,150,2,2,148,15,9,10000,10000,9985,9991,u,NA,NA,NA,NA,NA,NA,NA,NA,NA
subproblems/sup-2-200-l_1.json,2,200,130,127,70,1,0,9970,9873,9969,9873,l,NA,NA,NA,NA,NA,NA,NA,NA,NA
subproblems/sup-2-200-l_10.json,2,200,132,129,68,0,1,9844,9904,9844,9903,l,NA,NA,NA,NA,NA,NA,NA,NA,NA
subproblems/sup-2-200-l_2.json,2,200,135,132,65,0,0,9935,9943,9935,9943,l,NA,NA,NA,NA,NA,NA,NA,NA,NA
subproblems/sup-2-200-l_3.json,2,200,127,123,73,0,0,9925,9958,9925,9958,l,NA,NA,NA,NA,NA,NA,NA,NA,NA
subproblems/sup-2-200-l_4.json,2,200,129,127,71,0,3,9767,9927,9767,9924,l,NA,NA,NA,NA,NA,NA,NA,NA,NA
subproblems/sup-2-200-l_5.json,2,200,123,119,77,0,0,9901,9985,9901,9985,l,NA,NA,NA,NA,NA,NA,NA,NA,NA
subproblems/sup-2-200-l_6.json,2,200,127,123,73,0,0,9968,9908,9968,9908,l,NA,NA,NA,NA,NA,NA,NA,NA,NA
subproblems/sup-2-200-l_7.json,2,200,132,127,68,0,9,9582,9973,9582,9964,l,NA,NA,NA,NA,NA,NA,NA,NA,NA
subproblems/sup-2-200-l_8.json,2,200,126,124,74,0,1,9827,9932,9827,9931,l,NA,NA,NA,NA,NA,NA,NA,NA,NA
subproblems/sup-2-200-l_9.json,2,200,129,122,71,2,0,9914,9796,9912,9796,l,NA,NA,NA,NA,NA,NA,NA,NA,NA
subproblems/sup-2-200-m_1.json,2,200,17,13,183,1,5,9597,9189,9596,9184,m,NA,NA,NA,NA,NA,NA,NA,NA,NA
subproblems/sup-2-200-m_10.json,2,200,14,11,186,1,0,8477,8281,8476,8281,m,NA,NA,NA,NA,NA,NA,NA,NA,NA
subproblems/sup-2-200-m_2.json,2,200,12,8,188,2,1,9077,8380,9075,8379,m,NA,NA,NA,NA,NA,NA,NA,NA,NA
subproblems/sup-2-200-m_3.json,2,200,10,8,190,1,0,9123,8095,9122,8095,m,NA,NA,NA,NA,NA,NA,NA,NA,NA
subproblems/sup-2-200-m_4.json,2,200,10,10,190,0,1,9892,8563,9892,8562,m,NA,NA,NA,NA,NA,NA,NA,NA,NA
subproblems/sup-2-200-m_5.json,2,200,12,9,188,1,1,8173,9598,8172,9597,m,NA,NA,NA,NA,NA,NA,NA,NA,NA
subproblems/sup-2-200-m_6.json,2,200,11,9,189,0,1,9163,8905,9163,8904,m,NA,NA,NA,NA,NA,NA,NA,NA,NA
subproblems/sup-2-200-m_7.json,2,200,15,15,185,1,0,9167,8877,9166,8877,m,NA,NA,NA,NA,NA,NA,NA,NA,NA
subproblems/sup-2-200-m_8.json,2,200,11,7,189,1,0,8396,8068,8395,8068,m,NA,NA,NA,NA,NA,NA,NA,NA,NA
subproblems/sup-2-200-m_9.json,2,200,14,14,186,0,0,8324,9991,8324,9991,m,NA,NA,NA,NA,NA,NA,NA,NA,NA
subproblems/sup-2-200-u_1.json,2,200,2,2,198,123,37,10000,9999,9877,9962,u,NA,NA,NA,NA,NA,NA,NA,NA,NA
subproblems/sup-2-200-u_10.json,2,200,2,2,198,197,34,10000,9998,9803,9964,u,NA,NA,NA,NA,NA,NA,NA,NA,NA
subproblems/sup-2-200-u_2.json,2,200,2,2,198,37,98,10000,10000,9963,9902,u,NA,NA,NA,NA,NA,NA,NA,NA,NA
subproblems/sup-2-200-u_3.json,2,200,2,2,198,327,142,9999,9995,9672,9853,u,NA,NA,NA,NA,NA,NA,NA,NA,NA
subproblems/sup-2-200-u_4.json,2,200,2,2,198,20,4,10000,10000,9980,9996,u,NA,NA,NA,NA,NA,NA,NA,NA,NA
subproblems/sup-2-200-u_5.json,2,200,2,2,198,155,232,9997,9999,9842,9767,u,NA,NA,NA,NA,NA,NA,NA,NA,NA
subproblems/sup-2-200-u_6.json,2,200,2,2,198,64,258,9997,10000,9933,9742,u,NA,NA,NA,NA,NA,NA,NA,NA,NA
subproblems/sup-2-200-u_7.json,2,200,2,2,198,18,11,10000,10000,9982,9989,u,NA,NA,NA,NA,NA,NA,NA,NA,NA
subproblems/sup-2-200-u_8.json,2,200,2,2,198,174,148,9999,9998,9825,9850,u,NA,NA,NA,NA,NA,NA,NA,NA,NA
subproblems/sup-2-200-u_9.json,2,200,2,2,198,54,395,9992,10000,9938,9605,u,NA,NA,NA,NA,NA,NA,NA,NA,NA
subproblems/sup-2-300-l_1.json,2,300,162,151,138,0,1,9898,9927,9898,9926,l,NA,NA,NA,NA,NA,NA,NA,NA,NA
subproblems/sup-2-300-l_10.json,2,300,151,145,149,1,0,9944,9859,9943,9859,l,NA,NA,NA,NA,NA,NA,NA,NA,NA
subproblems/sup-2-300-l_2.json,2,300,157,148,143,0,0,9988,9959,9988,9959,l,NA,NA,NA,NA,NA,NA,NA,NA,NA
subproblems/sup-2-300-l_3.json,2,300,169,158,131,0,1,9831,9933,9831,9932,l,NA,NA,NA,NA,NA,NA,NA,NA,NA
subproblems/sup-2-300-l_4.json,2,300,151,148,149,0,0,9925,9914,9925,9914,l,NA,NA,NA,NA,NA,NA,NA,NA,NA
subproblems/sup-2-300-l_5.json,2,300,163,149,137,0,0,9913,9901,9913,9901,l,NA,NA,NA,NA,NA,NA,NA,NA,NA
subproblems/sup-2-300-l_6.json,2,300,145,140,155,0,2,9789,9995,9789,9993,l,NA,NA,NA,NA,NA,NA,NA,NA,NA
subproblems/sup-2-300-l_7.json,2,300,159,153,141,0,0,9964,9914,9964,9914,l,NA,NA,NA,NA,NA,NA,NA,NA,NA
subproblems/sup-2-300-l_8.json,2,300,148,144,152,0,0,9924,9961,9924,9961,l,NA,NA,NA,NA,NA,NA,NA,NA,NA
subproblems/sup-2-300-l_9.json,2,300,162,153,138,0,0,9918,9909,9918,9909,l,NA,NA,NA,NA,NA,NA,NA,NA,NA
subproblems/sup-2-300-m_1.json,2,300,20,13,280,0,0,9300,8703,9300,8703,m,NA,NA,NA,NA,NA,NA,NA,NA,NA
subproblems/sup-2-300-m_10.json,2,300,19,12,281,0,0,8158,9642,8158,9642,m,NA,NA,NA,NA,NA,NA,NA,NA,NA
subproblems/sup-2-300-m_2.json,2,300,19,9,281,1,1,9511,8257,9510,8256,m,NA,NA,NA,NA,NA,NA,NA,NA,NA
subproblems/sup-2-300-m_3.json,2,300,16,10,284,0,1,9262,9427,9262,9426,m,NA,NA,NA,NA,NA,NA,NA,NA,NA
subproblems/sup-2-300-m_4.json,2,300,21,12,279,0,0,9095,8387,9095,8387,m,NA,NA,NA,NA,NA,NA,NA,NA,NA
subproblems/sup-2-300-m_5.json,2,300,15,11,285,0,0,8918,8010,8918,8010,m,NA,NA,NA,NA,NA,NA,NA,NA,NA
subproblems/sup-2-300-m_6.json,2,300,16,10,284,0,0,9639,8223,9639,8223,m,NA,NA,NA,NA,NA,NA,NA,NA,NA
subproblems/sup-2-300-m_7.json,2,300,20,12,280,1,0,8848,8262,8847,8262,m,NA,NA,NA,NA,NA,NA,NA,NA,NA
subproblems/sup-2-300-m_8.json,2,300,20,12,280,0,0,9268,8271,9268,8271,m,NA,NA,NA,NA,NA,NA,NA,NA,NA
subproblems/sup-2-300-m_9.json,2,300,15,10,285,0,0,8106,8382,8106,8382,m,NA,NA,NA,NA,NA,NA,NA,NA,NA
subproblems/sup-2-300-u_1.json,2,300,2,2,298,6,165,9999,10000,9993,9835,u,NA,NA,NA,NA,NA,NA,NA,NA,NA
subproblems/sup-2-300-u_10.json,2,300,2,2,298,221,24,10000,9998,9779,9974,u,NA,NA,NA,NA,NA,NA,NA,NA,NA
subproblems/sup-2-300-u_2.json,2,300,2,2,298,2,6,10000,10000,9998,9994,u,NA,NA,NA,NA,NA,NA,NA,NA,NA
subproblems/sup-2-300-u_3.json,2,300,2,2,298,88,21,10000,10000,9912,9979,u,NA,NA,NA,NA,NA,NA,NA,NA,NA
subproblems/sup-2-300-u_4.json,2,300,2,2,298,79,16,10000,10000,9921,9984,u,NA,NA,NA,NA,NA,NA,NA,NA,NA
subproblems/sup-2-300-u_5.json,2,300,2,2,298,4,0,10000,10000,9996,10000,u,NA,NA,NA,NA,NA,NA,NA,NA,NA
subproblems/sup-2-300-u_6.json,2,300,2,2,298,160,11,10000,9999,9840,9988,u,NA,NA,NA,NA,NA,NA,NA,NA,NA
subproblems/sup-2-300-u_7.json,2,300,2,2,298,25,5,10000,10000,9975,9995,u,NA,NA,NA,NA,NA,NA,NA,NA,NA
subproblems/sup-2-300-u_8.json,2,300,2,2,298,20,240,9997,10000,9977,9760,u,NA,NA,NA,NA,NA,NA,NA,NA,NA
subproblems/sup-2-300-u_9.json,2,300,2,2,298,3,40,10000,10000,9997,9960,u,NA,NA,NA,NA,NA,NA,NA,NA,NA
subproblems/sup-2-50-l_1.json,2,50,46,46,4,13,0,9956,9490,9943,9490,l,NA,NA,NA,NA,NA,NA,NA,NA,NA
subproblems/sup-2-50-l_10.json,2,50,47,46,3,4,3,9752,9723,9748,9720,l,NA,NA,NA,NA,NA,NA,NA,NA,NA
subproblems/sup-2-50-l_2.json,2,50,46,46,4,24,10,9562,9314,9538,9304,l,NA,NA,NA,NA,NA,NA,NA,NA,NA
subproblems/sup-2-50-l_3.json,2,50,48,48,2,0,0,9960,9920,9960,9920,l,NA,NA,NA,NA,NA,NA,NA,NA,NA
subproblems/sup-2-50-l_4.json,2,50,43,43,7,0,1,9849,9909,9849,9908,l,NA,NA,NA,NA,NA,NA,NA,NA,NA
subproblems/sup-2-50-l_5.json,2,50,46,46,4,0,15,9455,9997,9455,9982,l,NA,NA,NA,NA,NA,NA,NA,NA,NA
subproblems/sup-2-50-l_6.json,2,50,48,48,2,3,6,9664,9764,9661,9758,l,NA,NA,NA,NA,NA,NA,NA,NA,NA
subproblems/sup-2-50-l_7.json,2,50,46,46,4,0,2,9807,9972,9807,9970,l,NA,NA,NA,NA,NA,NA,NA,NA,NA
subproblems/sup-2-50-l_8.json,2,50,46,46,4,2,1,9838,9813,9836,9812,l,NA,NA,NA,NA,NA,NA,NA,NA,NA
subproblems/sup-2-50-l_9.json,2,50,45,45,5,0,2,9778,9975,9778,9973,l,NA,NA,NA,NA,NA,NA,NA,NA,NA
subproblems/sup-2-50-m_1.json,2,50,7,7,43,139,10,8375,8721,8236,8711,m,NA,NA,NA,NA,NA,NA,NA,NA,NA
subproblems/sup-2-50-m_10.json,2,50,12,12,38,5,32,8165,9894,8160,9862,m,NA,NA,NA,NA,NA,NA,NA,NA,NA
subproblems/sup-2-50-m_2.json,2,50,9,9,41,23,7,9928,7995,9905,7988,m,NA,NA,NA,NA,NA,NA,NA,NA,NA
subproblems/sup-2-50-m_3.json,2,50,11,11,39,51,73,8924,9051,8873,8978,m,NA,NA,NA,NA,NA,NA,NA,NA,NA
subproblems/sup-2-50-m_4.json,2,50,8,8,42,1,33,9863,9198,9862,9165,m,NA,NA,NA,NA,NA,NA,NA,NA,NA
subproblems/sup-2-50-m_5.json,2,50,6,6,44,27,9,8252,8684,8225,8675,m,NA,NA,NA,NA,NA,NA,NA,NA,NA
subproblems/sup-2-50-m_6.json,2,50,10,10,40,29,4,9027,9090,8998,9086,m,NA,NA,NA,NA,NA,NA,NA,NA,NA
subproblems/sup-2-50-m_7.json,2,50,7,7,43,12,15,8595,8759,8583,8744,m,NA,NA,NA,NA,NA,NA,NA,NA,NA
subproblems/sup-2-50-m_8.json,2,50,10,10,40,41,0,9324,9103,9283,9103,m,NA,NA,NA,NA,NA,NA,NA,NA,NA
subproblems/sup-2-50-m_9.json,2,50,14,14,36,105,44,8919,8831,8814,8787,m,NA,NA,NA,NA,NA,NA,NA,NA,NA
subproblems/sup-2-50-u_1.json,2,50,2,2,48,539,881,9961,9985,9422,9104,u,NA,NA,NA,NA,NA,NA,NA,NA,NA
subproblems/sup-2-50-u_10.json,2,50,2,2,48,301,247,9997,9995,9696,9748,u,NA,NA,NA,NA,NA,NA,NA,NA,NA
subproblems/sup-2-50-u_2.json,2,50,2,2,48,122,317,9995,9999,9873,9682,u,NA,NA,NA,NA,NA,NA,NA,NA,NA
subproblems/sup-2-50-u_3.json,2,50,2,2,48,290,27,10000,9996,9710,9969,u,NA,NA,NA,NA,NA,NA,NA,NA,NA
subproblems/sup-2-50-u_4.json,2,50,2,2,48,58,1073,9942,10000,9884,8927,u,NA,NA,NA,NA,NA,NA,NA,NA,NA
subproblems/sup-2-50-u_5.json,2,50,2,2,48,102,103,9999,9999,9897,9896,u,NA,NA,NA,NA,NA,NA,NA,NA,NA
subproblems/sup-2-50-u_6.json,2,50,2,2,48,277,229,9997,9996,9720,9767,u,NA,NA,NA,NA,NA,NA,NA,NA,NA
subproblems/sup-2-50-u_7.json,2,50,2,2,48,211,234,9997,9998,9786,9764,u,NA,NA,NA,NA,NA,NA,NA,NA,NA
subproblems/sup-2-50-u_8.json,2,50,2,2,48,283,171,9999,9996,9716,9825,u,NA,NA,NA,NA,NA,NA,NA,NA,NA
subproblems/sup-2-50-u_9.json,2,50,2,2,48,447,508,9987,9990,9540,9482,u,NA,NA,NA,NA,NA,NA,NA,NA,NA
subproblems/sup-2-600-l_1.json,2,600,224,191,376,0,0,9935,9912,9935,9912,l,NA,NA,NA,NA,NA,NA,NA,NA,NA
subproblems/sup-2-600-l_10.json,2,600,218,198,382,0,0,9913,9916,9913,9916,l,NA,NA,NA,NA,NA,NA,NA,NA,NA
subproblems/sup-2-600-l_2.json,2,600,210,190,390,0,0,9912,9930,9912,9930,l,NA,NA,NA,NA,NA,NA,NA,NA,NA
subproblems/sup-2-600-l_3.json,2,600,202,182,398,0,0,9966,9935,9966,9935,l,NA,NA,NA,NA,NA,NA,NA,NA,NA
subproblems/sup-2-600-l_4.json,2,600,206,188,394,0,0,9914,9916,9914,9916,l,NA,NA,NA,NA,NA,NA,NA,NA,NA
subproblems/sup-2-600-l_5.json,2,600,202,182,398,0,0,9910,9903,9910,9903,l,NA,NA,NA,NA,NA,NA,NA,NA,NA
subproblems/sup-2-600-l_6.json,2,600,201,183,399,0,0,9901,9973,9901,9973,l,NA,NA,NA,NA,NA,NA,NA,NA,NA
subproblems/sup-2-600-l_7.json,2,600,202,186,398,0,0,9932,9906,9932,9906,l,NA,NA,NA,NA,NA,NA,NA,NA,NA
subproblems/sup-2-600-l_8.json,2,600,204,182,396,0,0,9922,9949,9922,9949,l,NA,NA,NA,NA,NA,NA,NA,NA,NA
subproblems/sup-2-600-l_9.json,2,600,212,189,388,0,0,9919,9933,9919,9933,l,NA,NA,NA,NA,NA,NA,NA,NA,NA
subproblems/sup-2-600-m_1.json,2,600,36,12,564,0,0,8029,8368,8029,8368,m,NA,NA,NA,NA,NA,NA,NA,NA,NA
subproblems/sup-2-600-m_10.json,2,600,39,12,561,0,0,8045,8488,8045,8488,m,NA,NA,NA,NA,NA,NA,NA,NA,NA
subproblems/sup-2-600-m_2.json,2,600,43,15,557,0,0,8655,8177,8655,8177,m,NA,NA,NA,NA,NA,NA,NA,NA,NA
subproblems/sup-2-600-m_3.json,2,600,41,10,559,0,0,8135,8686,8135,8686,m,NA,NA,NA,NA,NA,NA,NA,NA,NA
subproblems/sup-2-600-m_4.json,2,600,43,10,557,0,0,8357,8141,8357,8141,m,NA,NA,NA,NA,NA,NA,NA,NA,NA
subproblems/sup-2-600-m_5.json,2,600,46,10,554,0,0,8076,8095,8076,8095,m,NA,NA,NA,NA,NA,NA,NA,NA,NA
subproblems/sup-2-600-m_6.json,2,600,33,10,567,0,0,8233,8163,8233,8163,m,NA,NA,NA,NA,NA,NA,NA,NA,NA
subproblems/sup-2-600-m_7.json,2,600,39,9,561,0,0,8281,8078,8281,8078,m,NA,NA,NA,NA,NA,NA,NA,NA,NA
subproblems/sup-2-600-m_8.json,2,600,29,7,571,0,0,8219,8064,8219,8064,m,NA,NA,NA,NA,NA,NA,NA,NA,NA
subproblems/sup-2-600-m_9.json,2,600,37,11,563,0,0,8083,8040,8083,8040,m,NA,NA,NA,NA,NA,NA,NA,NA,NA
subproblems/sup-2-600-u_1.json,2,600,2,2,598,14,2,10000,10000,9986,9998,u,NA,NA,NA,NA,NA,NA,NA,NA,NA
subproblems/sup-2-600-u_10.json,2,600,2,2,598,31,4,10000,10000,9969,9996,u,NA,NA,NA,NA,NA,NA,NA,NA,NA
subproblems/sup-2-600-u_2.json,2,600,2,2,598,73,23,10000,10000,9927,9977,u,NA,NA,NA,NA,NA,NA,NA,NA,NA
subproblems/sup-2-600-u_3.json,2,600,2,2,598,4,5,10000,10000,9996,9995,u,NA,NA,NA,NA,NA,NA,NA,NA,NA
subproblems/sup-2-600-u_4.json,2,600,2,2,598,82,4,10000,10000,9918,9996,u,NA,NA,NA,NA,NA,NA,NA,NA,NA
subproblems/sup-2-600-u_5.json,2,600,2,2,598,5,20,10000,10000,9995,9980,u,NA,NA,NA,NA,NA,NA,NA,NA,NA
subproblems/sup-2-600-u_6.json,2,600,2,2,598,7,14,10000,10000,9993,9986,u,NA,NA,NA,NA,NA,NA,NA,NA,NA
subproblems/sup-2-600-u_7.json,2,600,2,2,598,0,0,10000,10000,10000,10000,u,NA,NA,NA,NA,NA,NA,NA,NA,NA
subproblems/sup-2-600-u_8.json,2,600,2,2,598,39,5,10000,10000,9961,9995,u,NA,NA,NA,NA,NA,NA,NA,NA,NA
subproblems/sup-2-600-u_9.json,2,600,2,2,598,49,127,9999,10000,9950,9873,u,NA,NA,NA,NA,NA,NA,NA,NA,NA
subproblems/sup-3-10-l_1.json,3,10,10,10,0,221,1512,8683,9781,8462,8269,l,191,9808,9617,NA,NA,NA,NA,NA,NA
subproblems/sup-3-10-l_10.json,3,10,10,10,0,1020,2113,9932,9939,8912,7826,l,58,7599,7541,NA,NA,NA,NA,NA,NA
subproblems/sup-3-10-l_2.json,3,10,10,10,0,51,311,9802,9162,9751,8851,l,209,9492,9283,NA,NA,NA,NA,NA,NA
subproblems/sup-3-10-l_3.json,3,10,10,10,0,2535,209,8500,9830,5965,9621,l,579,9637,9058,NA,NA,NA,NA,NA,NA
subproblems/sup-3-10-l_4.json,3,10,10,10,0,1055,1490,8064,9796,7009,8306,l,345,9585,9240,NA,NA,NA,NA,NA,NA
subproblems/sup-3-10-l_5.json,3,10,10,10,0,1182,110,9993,8276,8811,8166,l,645,8992,8347,NA,NA,NA,NA,NA,NA
subproblems/sup-3-10-l_6.json,3,10,10,10,0,814,570,8749,8922,7935,8352,l,137,9812,9675,NA,NA,NA,NA,NA,NA
subproblems/sup-3-10-l_7.json,3,10,10,10,0,658,524,9735,8755,9077,8231,l,291,8988,8697,NA,NA,NA,NA,NA,NA
subproblems/sup-3-10-l_8.json,3,10,10,10,0,1159,3085,9990,9999,8831,6914,l,363,6417,6054,NA,NA,NA,NA,NA,NA
subproblems/sup-3-10-l_9.json,3,10,10,10,0,58,1137,9651,9683,9593,8546,l,29,9431,9402,NA,NA,NA,NA,NA,NA
subproblems/sup-3-10-m_1.json,3,10,7,7,3,575,1155,7470,8975,6895,7820,m,631,8046,7415,NA,NA,NA,NA,NA,NA
subproblems/sup-3-10-m_10.json,3,10,6,6,4,700,108,9478,8308,8778,8200,m,952,8852,7900,NA,NA,NA,NA,NA,NA
subproblems/sup-3-10-m_2.json,3,10,7,7,3,1052,78,9851,9829,8799,9751,m,670,8064,7394,NA,NA,NA,NA,NA,NA
subproblems/sup-3-10-m_3.json,3,10,6,6,4,1502,357,9440,9222,7938,8865,m,459,9805,9346,NA,NA,NA,NA,NA,NA
subproblems/sup-3-10-m_4.json,3,10,7,7,3,942,1715,8947,6014,8005,4299,m,1345,9782,8437,NA,NA,NA,NA,NA,NA
subproblems/sup-3-10-m_5.json,3,10,7,7,3,20,861,9857,9542,9837,8681,m,386,9856,9470,NA,NA,NA,NA,NA,NA
subproblems/sup-3-10-m_6.json,3,10,6,6,4,1009,1126,9613,9181,8604,8055,m,431,9930,9499,NA,NA,NA,NA,NA,NA
subproblems/sup-3-10-m_7.json,3,10,8,8,2,172,4012,9829,9938,9657,5926,m,68,9991,9923,NA,NA,NA,NA,NA,NA
subproblems/sup-3-10-m_8.json,3,10,7,7,3,884,719,8394,8407,7510,7688,m,599,9834,9235,NA,NA,NA,NA,NA,NA
subproblems/sup-3-10-m_9.json,3,10,6,6,4,35,505,9521,9657,9486,9152,m,445,7543,7098,NA,NA,NA,NA,NA,NA
subproblems/sup-3-10-u_1.json,3,10,4,4,6,1097,810,9724,9207,8627,8397,u,1501,8729,7228,NA,NA,NA,NA,NA,NA
subproblems/sup-3-10-u_10.json,3,10,4,4,6,455,952,9674,9901,9219,8949,u,620,9821,9201,NA,NA,NA,NA,NA,NA
subproblems/sup-3-10-u_2.json,3,10,5,5,5,1264,594,7605,9392,6341,8798,u,305,9793,9488,NA,NA,NA,NA,NA,NA
subproblems/sup-3-10-u_3.json,3,10,6,6,4,1500,590,7997,9041,6497,8451,u,505,9297,8792,NA,NA,NA,NA,NA,NA
subproblems/sup-3-10-u_4.json,3,10,4,4,6,844,494,8956,8096,8112,7602,u,1861,7400,5539,NA,NA,NA,NA,NA,NA
subproblems/sup-3-10-u_5.json,3,10,3,3,7,982,177,9817,9935,8835,9758,u,583,8229,7646,NA,NA,NA,NA,NA,NA
subproblems/sup-3-10-u_6.json,3,10,5,5,5,1289,759,8823,9224,7534,8465,u,337,9079,8742,NA,NA,NA,NA,NA,NA
subproblems/sup-3-10-u_7.json,3,10,6,6,4,100,2295,9420,9601,9320,7306,u,878,8996,8118,NA,NA,NA,NA,NA,NA
subproblems/sup-3-10-u_8.json,3,10,5,5,5,5082,477,9859,7321,4777,6844,u,716,8199,7483,NA,NA,NA,NA,NA,NA
subproblems/sup-3-10-u_9.json,3,10,5,5,5,628,283,9674,9452,9046,9169,u,2518,9847,7329,NA,NA,NA,NA,NA,NA
subproblems/sup-3-100-l_1.json,3,100,100,100,0,119,1,9980,9900,9861,9899,l,17,9863,9846,NA,NA,NA,NA,NA,NA
subproblems/sup-3-100-l_10.json,3,100,100,100,0,82,362,9918,9975,9836,9613,l,210,9956,9746,NA,NA,NA,NA,NA,NA
subproblems/sup-3-100-l_2.json,3,100,100,100,0,338,69,9947,9991,9609,9922,l,244,9957,9713,NA,NA,NA,NA,NA,NA
subproblems/sup-3-100-l_3.json,3,100,100,100,0,92,80,9986,9982,9894,9902,l,43,9753,9710,NA,NA,NA,NA,NA,NA
subproblems/sup-3-100-l_4.json,3,100,100,100,0,27,275,9904,9988,9877,9713,l,2,9953,9951,NA,NA,NA,NA,NA,NA
subproblems/sup-3-100-l_5.json,3,100,99,99,1,6,82,9901,9928,9895,9846,l,27,9963,9936,NA,NA,NA,NA,NA,NA
subproblems/sup-3-100-l_6.json,3,100,100,100,0,153,117,9985,9916,9832,9799,l,241,9992,9751,NA,NA,NA,NA,NA,NA
subproblems/sup-3-100-l_7.json,3,100,100,100,0,392,4,9918,9999,9526,9995,l,75,9941,9866,NA,NA,NA,NA,NA,NA
subproblems/sup-3-100-l_8.json,3,100,100,100,0,2,72,9961,9937,9959,9865,l,203,9974,9771,NA,NA,NA,NA,NA,NA
subproblems/sup-3-100-l_9.json,3,100,100,100,0,102,36,9964,9616,9862,9580,l,74,9950,9876,NA,NA,NA,NA,NA,NA
subproblems/sup-3-100-m_1.json,3,100,25,25,75,39,58,9800,9880,9761,9822,m,13,9982,9969,NA,NA,NA,NA,NA,NA
subproblems/sup-3-100-m_10.json,3,100,31,31,69,50,48,9942,9822,9892,9774,m,131,9667,9536,NA,NA,NA,NA,NA,NA
subproblems/sup-3-100-m_2.json,3,100,22,22,78,6,60,9841,9545,9835,9485,m,27,9708,9681,NA,NA,NA,NA,NA,NA
subproblems/sup-3-100-m_3.json,3,100,25,25,75,45,18,9989,9965,9944,9947,m,122,9400,9278,NA,NA,NA,NA,NA,NA
subproblems/sup-3-100-m_4.json,3,100,23,23,77,24,18,9950,9939,9926,9921,m,58,9897,9839,NA,NA,NA,NA,NA,NA
subproblems/sup-3-100-m_5.json,3,100,19,19,81,85,0,9683,9997,9598,9997,m,2,9599,9597,NA,NA,NA,NA,NA,NA
subproblems/sup-3-100-m_6.json,3,100,21,21,79,85,44,9863,9984,9778,9940,m,48,9644,9596,NA,NA,NA,NA,NA,NA
subproblems/sup-3-100-m_7.json,3,100,27,27,73,80,211,9971,9837,9891,9626,m,12,9594,9582,NA,NA,NA,NA,NA,NA
subproblems/sup-3-100-m_8.json,3,100,23,23,77,47,2,9875,9851,9828,9849,m,0,9645,9645,NA,NA,NA,NA,NA,NA
subproblems/sup-3-100-m_9.json,3,100,33,33,67,4,52,9920,9848,9916,9796,m,21,9773,9752,NA,NA,NA,NA,NA,NA
subproblems/sup-3-100-u_1.json,3,100,11,11,89,83,220,9906,9780,9823,9560,u,68,9995,9927,NA,NA,NA,NA,NA,NA
subproblems/sup-3-100-u_10.json,3,100,10,10,90,32,13,9935,9963,9903,9950,u,126,9952,9826,NA,NA,NA,NA,NA,NA
subproblems/sup-3-100-u_2.json,3,100,8,8,92,53,38,9962,9867,9909,9829,u,118,10000,9882,NA,NA,NA,NA,NA,NA
subproblems/sup-3-100-u_3.json,3,100,9,9,91,35,26,9779,9949,9744,9923,u,8,9993,9985,NA,NA,NA,NA,NA,NA
subproblems/sup-3-100-u_4.json,3,100,7,7,93,17,143,9931,9994,9914,9851,u,0,9986,9986,NA,NA,NA,NA,NA,NA
subproblems/sup-3-100-u_5.json,3,100,11,11,89,119,357,9896,9983,9777,9626,u,13,9623,9610,NA,NA,NA,NA,NA,NA
subproblems/sup-3-100-u_6.json,3,100,8,8,92,48,135,9977,9999,9929,9864,u,60,9883,9823,NA,NA,NA,NA,NA,NA
subproblems/sup-3-100-u_7.json,3,100,11,11,89,82,46,9951,9924,9869,9878,u,147,9960,9813,NA,NA,NA,NA,NA,NA
subproblems/sup-3-100-u_8.json,3,100,7,7,93,232,119,9901,9965,9669,9846,u,331,9996,9665,NA,NA,NA,NA,NA,NA
subproblems/sup-3-100-u_9.json,3,100,9,9,91,43,232,9836,9910,9793,9678,u,14,9951,9937,NA,NA,NA,NA,NA,NA
subproblems/sup-3-150-l_1.json,3,150,150,150,0,61,41,9990,9926,9929,9885,l,15,9978,9963,NA,NA,NA,NA,NA,NA
subproblems/sup-3-150-l_10.json,3,150,150,150,0,125,13,9988,9871,9863,9858,l,125,9995,9870,NA,NA,NA,NA,NA,NA
subproblems/sup-3-150-l_2.json,3,150,150,150,0,180,171,9961,9999,9781,9828,l,1,9988,9987,NA,NA,NA,NA,NA,NA
subproblems/sup-3-150-l_3.json,3,150,150,150,0,11,14,9999,9971,9988,9957,l,4,10000,9996,NA,NA,NA,NA,NA,NA
subproblems/sup-3-150-l_4.json,3,150,150,150,0,111,20,9817,9955,9706,9935,l,140,9943,9803,NA,NA,NA,NA,NA,NA
subproblems/sup-3-150-l_5.json,3,150,150,150,0,2,29,9999,10000,9997,9971,l,65,9954,9889,NA,NA,NA,NA,NA,NA
subproblems/sup-3-150-l_6.json,3,150,150,150,0,20,20,9992,9941,9972,9921,l,7,9768,9761,NA,NA,NA,NA,NA,NA
subproblems/sup-3-150-l_7.json,3,150,150,150,0,181,47,9851,9963,9670,9916,l,11,9946,9935,NA,NA,NA,NA,NA,NA
subproblems/sup-3-150-l_8.json,3,150,150,150,0,13,157,9955,9951,9942,9794,l,61,9931,9870,NA,NA,NA,NA,NA,NA
subproblems/sup-3-150-l_9.json,3,150,150,150,0,58,38,9954,9952,9896,9914,l,4,9978,9974,NA,NA,NA,NA,NA,NA
subproblems/sup-3-150-m_1.json,3,150,33,33,117,38,19,9968,9942,9930,9923,m,2,9913,9911,NA,NA,NA,NA,NA,NA
subproblems/sup-3-150-m_10.json,3,150,22,22,128,4,12,9776,9965,9772,9953,m,25,9741,9716,NA,NA,NA,NA,NA,NA
subproblems/sup-3-150-m_2.json,3,150,32,32,118,10,27,9837,9846,9827,9819,m,5,9946,9941,NA,NA,NA,NA,NA,NA
subproblems/sup-3-150-m_3.json,3,150,30,30,120,47,10,9948,9902,9901,9892,m,26,9991,9965,NA,NA,NA,NA,NA,NA
subproblems/sup-3-150-m_4.json,3,150,20,20,130,18,17,9558,9805,9540,9788,m,6,9888,9882,NA,NA,NA,NA,NA,NA
subproblems/sup-3-150-m_5.json,3,150,25,25,125,13,4,9859,9995,9846,9991,m,25,9839,9814,NA,NA,NA,NA,NA,NA
subproblems/sup-3-150-m_6.json,3,150,28,28,122,54,3,9802,9592,9748,9589,m,1,9593,9592,NA,NA,NA,NA,NA,NA
subproblems/sup-3-150-m_7.json,3,150,28,28,122,7,46,9892,9855,9885,9809,m,50,9995,9945,NA,NA,NA,NA,NA,NA
subproblems/sup-3-150-m_8.json,3,150,18,18,132,5,5,9445,9983,9440,9978,m,6,9438,9432,NA,NA,NA,NA,NA,NA
subproblems/sup-3-150-m_9.json,3,150,24,24,126,19,4,9848,9401,9829,9397,m,16,9697,9681,NA,NA,NA,NA,NA,NA
subproblems/sup-3-150-u_1.json,3,150,14,14,136,17,7,9995,9949,9978,9942,u,179,9894,9715,NA,NA,NA,NA,NA,NA
subproblems/sup-3-150-u_10.json,3,150,10,10,140,59,47,9764,9969,9705,9922,u,33,9963,9930,NA,NA,NA,NA,NA,NA
subproblems/sup-3-150-u_2.json,3,150,10,10,140,46,12,9825,9776,9779,9764,u,33,9936,9903,NA,NA,NA,NA,NA,NA
subproblems/sup-3-150-u_3.json,3,150,10,10,140,27,33,9984,9913,9957,9880,u,8,9992,9984,NA,NA,NA,NA,NA,NA
subproblems/sup-3-150-u_4.json,3,150,10,10,140,2,28,9810,9997,9808,9969,u,57,9779,9722,NA,NA,NA,NA,NA,NA
subproblems/sup-3-150-u_5.json,3,150,9,9,141,163,45,9710,9896,9547,9851,u,159,9960,9801,NA,NA,NA,NA,NA,NA
subproblems/sup-3-150-u_6.json,3,150,9,9,141,88,13,9933,9999,9845,9986,u,73,9955,9882,NA,NA,NA,NA,NA,NA
subproblems/sup-3-150-u_7.json,3,150,9,9,141,115,141,9969,9929,9854,9788,u,9,9993,9984,NA,NA,NA,NA,NA,NA
subproblems/sup-3-150-u_8.json,3,150,12,12,138,134,16,9858,9791,9724,9775,u,33,9988,9955,NA,NA,NA,NA,NA,NA
subproblems/sup-3-150-u_9.json,3,150,11,11,139,89,100,9922,9968,9833,9868,u,70,9975,9905,NA,NA,NA,NA,NA,NA
subproblems/sup-3-200-l_1.json,3,200,200,200,0,30,5,9980,9974,9950,9969,l,13,9972,9959,NA,NA,NA,NA,NA,NA
subproblems/sup-3-200-l_10.json,3,200,200,200,0,50,11,9981,9923,9931,9912,l,82,9855,9773,NA,NA,NA,NA,NA,NA
subproblems/sup-3-200-l_2.json,3,200,200,200,0,157,12,9915,9977,9758,9965,l,24,9979,9955,NA,NA,NA,NA,NA,NA
subproblems/sup-3-200-l_3.json,3,200,200,200,0,2,81,9989,9993,9987,9912,l,22,9978,9956,NA,NA,NA,NA,NA,NA
subproblems/sup-3-200-l_4.json,3,200,200,200,0,15,21,9959,9985,9944,9964,l,54,9987,9933,NA,NA,NA,NA,NA,NA
subproblems/sup-3-200-l_5.json,3,200,200,200,0,6,10,9976,9985,9970,9975,l,33,9817,9784,NA,NA,NA,NA,NA,NA
subproblems/sup-3-200-l_6.json,3,200,200,200,0,149,56,9966,9978,9817,9922,l,16,9994,9978,NA,NA,NA,NA,NA,NA
subproblems/sup-3-200-l_7.json,3,200,200,200,0,61,8,9925,9758,9864,9750,l,18,9974,9956,NA,NA,NA,NA,NA,NA
subproblems/sup-3-200-l_8.json,3,200,200,200,0,183,51,9873,9987,9690,9936,l,6,9888,9882,NA,NA,NA,NA,NA,NA
subproblems/sup-3-200-l_9.json,3,200,200,200,0,51,39,9892,9940,9841,9901,l,33,9874,9841,NA,NA,NA,NA,NA,NA
subproblems/sup-3-200-m_1.json,3,200,21,21,179,20,27,9961,9901,9941,9874,m,35,9932,9897,NA,NA,NA,NA,NA,NA
subproblems/sup-3-200-m_10.json,3,200,30,30,170,19,20,9907,9851,9888,9831,m,9,9880,9871,NA,NA,NA,NA,NA,NA
subproblems/sup-3-200-m_2.json,3,200,32,32,168,33,13,9930,9985,9897,9972,m,42,9996,9954,NA,NA,NA,NA,NA,NA
subproblems/sup-3-200-m_3.json,3,200,35,35,165,0,16,9943,9988,9943,9972,m,6,9838,9832,NA,NA,NA,NA,NA,NA
subproblems/sup-3-200-m_4.json,3,200,28,28,172,2,3,9914,9827,9912,9824,m,26,9931,9905,NA,NA,NA,NA,NA,NA
subproblems/sup-3-200-m_5.json,3,200,27,27,173,8,44,9931,9951,9923,9907,m,31,9986,9955,NA,NA,NA,NA,NA,NA
subproblems/sup-3-200-m_6.json,3,200,32,32,168,2,2,9841,9987,9839,9985,m,7,9902,9895,NA,NA,NA,NA,NA,NA
subproblems/sup-3-200-m_7.json,3,200,27,27,173,6,8,9926,9879,9920,9871,m,9,9995,9986,NA,NA,NA,NA,NA,NA
subproblems/sup-3-200-m_8.json,3,200,32,32,168,14,44,9769,9959,9755,9915,m,7,9938,9931,NA,NA,NA,NA,NA,NA
subproblems/sup-3-200-m_9.json,3,200,38,38,162,5,2,9986,9980,9981,9978,m,15,9774,9759,NA,NA,NA,NA,NA,NA
subproblems/sup-3-200-u_1.json,3,200,12,12,188,6,119,9911,9998,9905,9879,u,86,9907,9821,NA,NA,NA,NA,NA,NA
subproblems/sup-3-200-u_10.json,3,200,10,10,190,139,0,9983,9986,9844,9986,u,17,9929,9912,NA,NA,NA,NA,NA,NA
subproblems/sup-3-200-u_2.json,3,200,9,9,191,185,8,9761,9995,9576,9987,u,59,9985,9926,NA,NA,NA,NA,NA,NA
subproblems/sup-3-200-u_3.json,3,200,11,11,189,34,3,9934,9973,9900,9970,u,261,9808,9547,NA,NA,NA,NA,NA,NA
subproblems/sup-3-200-u_4.json,3,200,8,8,192,4,68,9972,9937,9968,9869,u,38,9988,9950,NA,NA,NA,NA,NA,NA
subproblems/sup-3-200-u_5.json,3,200,17,17,183,20,31,9991,9905,9971,9874,u,8,9928,9920,NA,NA,NA,NA,NA,NA
subproblems/sup-3-200-u_6.json,3,200,10,10,190,23,32,9968,9956,9945,9924,u,6,9941,9935,NA,NA,NA,NA,NA,NA
subproblems/sup-3-200-u_7.json,3,200,16,16,184,1,128,9937,9843,9936,9715,u,69,9921,9852,NA,NA,NA,NA,NA,NA
subproblems/sup-3-200-u_8.json,3,200,11,11,189,65,19,9877,9945,9812,9926,u,75,9917,9842,NA,NA,NA,NA,NA,NA
subproblems/sup-3-200-u_9.json,3,200,13,13,187,14,18,9823,9987,9809,9969,u,162,9945,9783,NA,NA,NA,NA,NA,NA
subproblems/sup-3-300-l_1.json,3,300,300,300,0,96,72,9874,9829,9778,9757,l,5,9953,9948,NA,NA,NA,NA,NA,NA
subproblems/sup-3-300-l_10.json,3,300,300,300,0,3,11,9992,9986,9989,9975,l,32,9991,9959,NA,NA,NA,NA,NA,NA
subproblems/sup-3-300-l_2.json,3,300,300,300,0,53,22,9987,9993,9934,9971,l,31,9964,9933,NA,NA,NA,NA,NA,NA
subproblems/sup-3-300-l_3.json,3,300,300,300,0,9,17,9977,10000,9968,9983,l,34,9881,9847,NA,NA,NA,NA,NA,NA
subproblems/sup-3-300-l_4.json,3,300,300,300,0,33,68,9920,9935,9887,9867,l,18,9998,9980,NA,NA,NA,NA,NA,NA
subproblems/sup-3-300-l_5.json,3,300,300,300,0,7,72,9772,9999,9765,9927,l,26,9912,9886,NA,NA,NA,NA,NA,NA
subproblems/sup-3-300-l_6.json,3,300,300,300,0,73,5,9968,9909,9895,9904,l,23,9993,9970,NA,NA,NA,NA,NA,NA
subproblems/sup-3-300-l_7.json,3,300,300,300,0,1,49,9879,10000,9878,9951,l,1,9973,9972,NA,NA,NA,NA,NA,NA
subproblems/sup-3-300-l_8.json,3,300,300,300,0,23,5,9973,10000,9950,9995,l,62,9981,9919,NA,NA,NA,NA,NA,NA
subproblems/sup-3-300-l_9.json,3,300,300,300,0,19,117,9997,9917,9978,9800,l,9,9966,9957,NA,NA,NA,NA,NA,NA
subproblems/sup-3-300-m_1.json,3,300,38,38,262,11,1,9936,9923,9925,9922,m,6,9895,9889,NA,NA,NA,NA,NA,NA
subproblems/sup-3-300-m_10.json,3,300,40,40,260,1,15,9766,9949,9765,9934,m,1,10000,9999,NA,NA,NA,NA,NA,NA
subproblems/sup-3-300-m_2.json,3,300,34,34,266,9,2,9858,9907,9849,9905,m,0,9753,9753,NA,NA,NA,NA,NA,NA
subproblems/sup-3-300-m_3.json,3,300,32,32,268,12,1,9924,9928,9912,9927,m,25,9965,9940,NA,NA,NA,NA,NA,NA
subproblems/sup-3-300-m_4.json,3,300,36,36,264,12,4,9950,9994,9938,9990,m,17,9926,9909,NA,NA,NA,NA,NA,NA
subproblems/sup-3-300-m_5.json,3,300,45,45,255,17,10,9986,9985,9969,9975,m,22,9941,9919,NA,NA,NA,NA,NA,NA
subproblems/sup-3-300-m_6.json,3,300,39,39,261,1,9,9825,9943,9824,9934,m,2,9982,9980,NA,NA,NA,NA,NA,NA
subproblems/sup-3-300-m_7.json,3,300,31,31,269,1,43,9933,10000,9932,9957,m,25,9995,9970,NA,NA,NA,NA,NA,NA
subproblems/sup-3-300-m_8.json,3,300,37,37,263,1,19,9965,9850,9964,9831,m,5,9873,9868,NA,NA,NA,NA,NA,NA
subproblems/sup-3-300-m_9.json,3,300,39,39,261,6,0,9901,9982,9895,9982,m,17,9953,9936,NA,NA,NA,NA,NA,NA
subproblems/sup-3-300-u_1.json,3,300,12,12,288,34,50,9873,9953,9839,9903,u,48,9980,9932,NA,NA,NA,NA,NA,NA
subproblems/sup-3-300-u_10.json,3,300,12,12,288,13,3,9914,9939,9901,9936,u,11,9997,9986,NA,NA,NA,NA,NA,NA
subproblems/sup-3-300-u_2.json,3,300,10,10,290,13,33,9963,9997,9950,9964,u,104,9980,9876,NA,NA,NA,NA,NA,NA
subproblems/sup-3-300-u_3.json,3,300,12,12,288,17,48,9904,9954,9887,9906,u,15,9976,9961,NA,NA,NA,NA,NA,NA
subproblems/sup-3-300-u_4.json,3,300,16,16,284,12,72,9963,9949,9951,9877,u,1,9960,9959,NA,NA,NA,NA,NA,NA
subproblems/sup-3-300-u_5.json,3,300,13,13,287,67,3,9995,9993,9928,9990,u,2,9941,9939,NA,NA,NA,NA,NA,NA
subproblems/sup-3-300-u_6.json,3,300,10,10,290,33,46,9999,9991,9966,9945,u,54,9967,9913,NA,NA,NA,NA,NA,NA
subproblems/sup-3-300-u_7.json,3,300,9,9,291,17,45,9982,9990,9965,9945,u,10,9951,9941,NA,NA,NA,NA,NA,NA
subproblems/sup-3-300-u_8.json,3,300,12,12,288,15,7,9971,10000,9956,9993,u,27,9984,9957,NA,NA,NA,NA,NA,NA
subproblems/sup-3-300-u_9.json,3,300,13,13,287,7,69,9891,9956,9884,9887,u,0,9951,9951,NA,NA,NA,NA,NA,NA
subproblems/sup-3-50-l_1.json,3,50,50,50,0,27,28,9884,9490,9857,9462,l,243,9862,9619,NA,NA,NA,NA,NA,NA
subproblems/sup-3-50-l_10.json,3,50,50,50,0,6,31,9836,9906,9830,9875,l,50,9883,9833,NA,NA,NA,NA,NA,NA
subproblems/sup-3-50-l_2.json,3,50,50,50,0,180,131,9953,9847,9773,9716,l,184,9600,9416,NA,NA,NA,NA,NA,NA
subproblems/sup-3-50-l_3.json,3,50,50,50,0,128,87,9920,9841,9792,9754,l,14,9676,9662,NA,NA,NA,NA,NA,NA
subproblems/sup-3-50-l_4.json,3,50,50,50,0,297,561,8840,9977,8543,9416,l,382,9708,9326,NA,NA,NA,NA,NA,NA
subproblems/sup-3-50-l_5.json,3,50,50,50,0,78,16,9584,9953,9506,9937,l,298,9998,9700,NA,NA,NA,NA,NA,NA
subproblems/sup-3-50-l_6.json,3,50,50,50,0,6,43,9989,9971,9983,9928,l,86,9923,9837,NA,NA,NA,NA,NA,NA
subproblems/sup-3-50-l_7.json,3,50,50,50,0,569,17,9428,9880,8859,9863,l,223,9989,9766,NA,NA,NA,NA,NA,NA
subproblems/sup-3-50-l_8.json,3,50,50,50,0,8,187,9513,9767,9505,9580,l,204,9977,9773,NA,NA,NA,NA,NA,NA
subproblems/sup-3-50-l_9.json,3,50,50,50,0,142,147,9779,9698,9637,9551,l,288,9988,9700,NA,NA,NA,NA,NA,NA
subproblems/sup-3-50-m_1.json,3,50,17,17,33,32,59,9768,9925,9736,9866,m,12,9438,9426,NA,NA,NA,NA,NA,NA
subproblems/sup-3-50-m_10.json,3,50,18,18,32,93,501,9219,9849,9126,9348,m,56,9978,9922,NA,NA,NA,NA,NA,NA
subproblems/sup-3-50-m_2.json,3,50,18,18,32,96,531,9736,9922,9640,9391,m,40,9686,9646,NA,NA,NA,NA,NA,NA
subproblems/sup-3-50-m_3.json,3,50,15,15,35,34,9,9927,9960,9893,9951,m,25,9943,9918,NA,NA,NA,NA,NA,NA
subproblems/sup-3-50-m_4.json,3,50,14,14,36,136,0,9668,9823,9532,9823,m,457,9963,9506,NA,NA,NA,NA,NA,NA
subproblems/sup-3-50-m_5.json,3,50,15,15,35,230,43,9791,9392,9561,9349,m,107,9294,9187,NA,NA,NA,NA,NA,NA
subproblems/sup-3-50-m_6.json,3,50,16,16,34,151,11,8782,9968,8631,9957,m,210,9966,9756,NA,NA,NA,NA,NA,NA
subproblems/sup-3-50-m_7.json,3,50,11,11,39,152,35,8956,9885,8804,9850,m,173,9745,9572,NA,NA,NA,NA,NA,NA
subproblems/sup-3-50-m_8.json,3,50,16,16,34,12,13,9891,9538,9879,9525,m,140,9767,9627,NA,NA,NA,NA,NA,NA
subproblems/sup-3-50-m_9.json,3,50,16,16,34,81,267,9910,9379,9829,9112,m,48,9678,9630,NA,NA,NA,NA,NA,NA
subproblems/sup-3-50-u_1.json,3,50,10,10,40,171,99,9990,9776,9819,9677,u,16,9763,9747,NA,NA,NA,NA,NA,NA
subproblems/sup-3-50-u_10.json,3,50,9,9,41,31,382,9298,9315,9267,8933,u,523,9984,9461,NA,NA,NA,NA,NA,NA
subproblems/sup-3-50-u_2.json,3,50,7,7,43,439,100,9684,9953,9245,9853,u,398,9952,9554,NA,NA,NA,NA,NA,NA
subproblems/sup-3-50-u_3.json,3,50,8,8,42,95,289,9860,9941,9765,9652,u,20,9528,9508,NA,NA,NA,NA,NA,NA
subproblems/sup-3-50-u_4.json,3,50,7,7,43,383,179,9945,9443,9562,9264,u,239,9893,9654,NA,NA,NA,NA,NA,NA
subproblems/sup-3-50-u_5.json,3,50,6,6,44,126,214,9991,9923,9865,9709,u,107,9876,9769,NA,NA,NA,NA,NA,NA
subproblems/sup-3-50-u_6.json,3,50,11,11,39,1,122,9808,9805,9807,9683,u,17,9941,9924,NA,NA,NA,NA,NA,NA
subproblems/sup-3-50-u_7.json,3,50,10,10,40,216,128,9763,9886,9547,9758,u,245,9759,9514,NA,NA,NA,NA,NA,NA
subproblems/sup-3-50-u_8.json,3,50,8,8,42,215,12,9774,8942,9559,8930,u,306,9929,9623,NA,NA,NA,NA,NA,NA
subproblems/sup-3-50-u_9.json,3,50,9,9,41,214,84,9937,9946,9723,9862,u,107,9716,9609,NA,NA,NA,NA,NA,NA
subproblems/sup-3-600-l_1.json,3,600,599,599,1,3,6,9966,9982,9963,9976,l,22,9975,9953,NA,NA,NA,NA,NA,NA
subproblems/sup-3-600-l_10.json,3,600,599,599,1,6,6,10000,9991,9994,9985,l,42,9991,9949,NA,NA,NA,NA,NA,NA
subproblems/sup-3-600-l_2.json,3,600,600,600,0,31,16,9969,9983,9938,9967,l,19,9959,9940,NA,NA,NA,NA,NA,NA
subproblems/sup-3-600-l_3.json,3,600,596,596,4,51,3,9999,9996,9948,9993,l,7,9991,9984,NA,NA,NA,NA,NA,NA
subproblems/sup-3-600-l_4.json,3,600,600,600,0,8,35,9990,9992,9982,9957,l,13,9979,9966,NA,NA,NA,NA,NA,NA
subproblems/sup-3-600-l_5.json,3,600,596,596,4,8,50,9991,10000,9983,9950,l,1,9998,9997,NA,NA,NA,NA,NA,NA
subproblems/sup-3-600-l_6.json,3,600,599,599,1,1,3,9965,9979,9964,9976,l,63,9993,9930,NA,NA,NA,NA,NA,NA
subproblems/sup-3-600-l_7.json,3,600,600,600,0,28,8,9990,9999,9962,9991,l,5,9997,9992,NA,NA,NA,NA,NA,NA
subproblems/sup-3-600-l_8.json,3,600,599,599,1,1,19,9935,9987,9934,9968,l,11,9984,9973,NA,NA,NA,NA,NA,NA
subproblems/sup-3-600-l_9.json,3,600,598,598,2,32,1,9977,9982,9945,9981,l,15,9988,9973,NA,NA,NA,NA,NA,NA
subproblems/sup-3-600-m_1.json,3,600,47,47,553,5,0,9993,9917,9988,9917,m,0,9987,9987,NA,NA,NA,NA,NA,NA
subproblems/sup-3-600-m_10.json,3,600,47,47,553,2,0,9991,9974,9989,9974,m,8,9996,9988,NA,NA,NA,NA,NA,NA
subproblems/sup-3-600-m_2.json,3,600,34,34,566,1,0,9982,9885,9981,9885,m,2,9993,9991,NA,NA,NA,NA,NA,NA
subproblems/sup-3-600-m_3.json,3,600,44,44,556,6,3,9978,10000,9972,9997,m,2,9952,9950,NA,NA,NA,NA,NA,NA
subproblems/sup-3-600-m_4.json,3,600,44,44,556,0,0,9972,9987,9972,9987,m,1,9934,9933,NA,NA,NA,NA,NA,NA
subproblems/sup-3-600-m_5.json,3,600,47,47,553,0,4,9967,9970,9967,9966,m,5,9955,9950,NA,NA,NA,NA,NA,NA
subproblems/sup-3-600-m_6.json,3,600,46,46,554,3,1,9766,9913,9763,9912,m,0,9967,9967,NA,NA,NA,NA,NA,NA
subproblems/sup-3-600-m_7.json,3,600,42,42,558,3,0,9965,9942,9962,9942,m,1,9949,9948,NA,NA,NA,NA,NA,NA
subproblems/sup-3-600-m_8.json,3,600,39,39,561,1,3,9998,9816,9997,9813,m,1,9965,9964,NA,NA,NA,NA,NA,NA
subproblems/sup-3-600-m_9.json,3,600,47,47,553,4,0,9926,9960,9922,9960,m,2,9969,9967,NA,NA,NA,NA,NA,NA
subproblems/sup-3-600-u_1.json,3,600,15,15,585,10,30,9995,9989,9985,9959,u,7,9980,9973,NA,NA,NA,NA,NA,NA
subproblems/sup-3-600-u_10.json,3,600,14,14,586,6,29,9985,9973,9979,9944,u,28,9981,9953,NA,NA,NA,NA,NA,NA
subproblems/sup-3-600-u_2.json,3,600,10,10,590,5,16,9998,9990,9993,9974,u,14,9966,9952,NA,NA,NA,NA,NA,NA
subproblems/sup-3-600-u_3.json,3,600,17,17,583,13,7,9980,9977,9967,9970,u,4,9984,9980,NA,NA,NA,NA,NA,NA
subproblems/sup-3-600-u_4.json,3,600,11,11,589,0,31,9990,10000,9990,9969,u,18,9962,9944,NA,NA,NA,NA,NA,NA
subproblems/sup-3-600-u_5.json,3,600,10,10,590,0,16,10000,9998,10000,9982,u,3,9968,9965,NA,NA,NA,NA,NA,NA
subproblems/sup-3-600-u_6.json,3,600,11,11,589,16,11,9994,9961,9978,9950,u,2,9997,9995,NA,NA,NA,NA,NA,NA
subproblems/sup-3-600-u_7.json,3,600,13,13,587,30,5,9993,9992,9963,9987,u,6,9979,9973,NA,NA,NA,NA,NA,NA
subproblems/sup-3-600-u_8.json,3,600,15,15,585,21,22,9973,9994,9952,9972,u,0,9974,9974,NA,NA,NA,NA,NA,NA
subproblems/sup-3-600-u_9.json,3,600,12,12,588,2,1,9986,9995,9984,9994,u,17,9995,9978,NA,NA,NA,NA,NA,NA
subproblems/sup-4-10-l_1.json,4,10,10,10,0,3338,1036,9482,9763,6144,8727,l,2213,8325,6112,1723,9612,7889,NA,NA,NA
subproblems/sup-4-10-l_10.json,4,10,10,10,0,1078,3070,9232,9747,8154,6677,l,540,9476,8936,1447,9780,8333,NA,NA,NA
subproblems/sup-4-10-l_2.json,4,10,10,10,0,155,280,9840,9918,9685,9638,l,1424,9473,8049,2091,9837,7746,NA,NA,NA
subproblems/sup-4-10-l_3.json,4,10,10,10,0,1823,2204,9717,9501,7894,7297,l,102,8897,8795,1423,9541,8118,NA,NA,NA
subproblems/sup-4-10-l_4.json,4,10,10,10,0,1786,843,9650,8533,7864,7690,l,701,9480,8779,337,9784,9447,NA,NA,NA
subproblems/sup-4-10-l_5.json,4,10,10,10,0,4605,246,9188,9932,4583,9686,l,980,9790,8810,1975,9798,7823,NA,NA,NA
subproblems/sup-4-10-l_6.json,4,10,10,10,0,635,2581,9845,8820,9210,6239,l,1809,9572,7763,1333,8045,6712,NA,NA,NA
subproblems/sup-4-10-l_7.json,4,10,10,10,0,349,4467,9748,9515,9399,5048,l,332,9256,8924,694,9098,8404,NA,NA,NA
subproblems/sup-4-10-l_8.json,4,10,10,10,0,1063,5091,9984,9667,8921,4576,l,655,8324,7669,1207,9555,8348,NA,NA,NA
subproblems/sup-4-10-l_9.json,4,10,10,10,0,2256,2152,8899,9459,6643,7307,l,3365,9016,5651,213,9433,9220,NA,NA,NA
subproblems/sup-4-10-m_1.json,4,10,8,8,2,378,207,9869,6704,9491,6497,m,2301,9990,7689,3556,9457,5901,NA,NA,NA
subproblems/sup-4-10-m_10.json,4,10,8,8,2,2492,366,9244,8889,6752,8523,m,617,9317,8700,147,7448,7301,NA,NA,NA
subproblems/sup-4-10-m_2.json,4,10,7,7,3,1338,1741,9752,7499,8414,5758,m,1333,9295,7962,848,5710,4862,NA,NA,NA
subproblems/sup-4-10-m_3.json,4,10,8,8,2,988,1048,8875,9745,7887,8697,m,37,8452,8415,144,9592,9448,NA,NA,NA
subproblems/sup-4-10-m_4.json,4,10,9,9,1,198,877,8973,9760,8775,8883,m,542,7830,7288,1029,9669,8640,NA,NA,NA
subproblems/sup-4-10-m_5.json,4,10,9,9,1,370,869,9470,8478,9100,7609,m,759,8151,7392,803,9682,8879,NA,NA,NA
subproblems/sup-4-10-m_6.json,4,10,8,8,2,276,883,5771,9466,5495,8583,m,14,9815,9801,306,9862,9556,NA,NA,NA
subproblems/sup-4-10-m_7.json,4,10,8,8,2,128,677,9558,7520,9430,6843,m,898,9343,8445,3,8223,8220,NA,NA,NA
subproblems/sup-4-10-m_8.json,4,10,10,10,0,3116,1649,9251,8634,6135,6985,m,2603,9306,6703,564,7163,6599,NA,NA,NA
subproblems/sup-4-10-m_9.json,4,10,8,8,2,1264,2200,9794,9562,8530,7362,m,744,9333,8589,2146,8709,6563,NA,NA,NA
subproblems/sup-4-10-u_1.json,4,10,9,9,1,26,2205,9266,8087,9240,5882,u,392,7268,6876,178,7029,6851,NA,NA,NA
subproblems/sup-4-10-u_10.json,4,10,6,6,4,1043,465,6747,9663,5704,9198,u,1130,7660,6530,375,8384,8009,NA,NA,NA
subproblems/sup-4-10-u_2.json,4,10,9,9,1,2588,109,8002,6462,5414,6353,u,154,7828,7674,1991,8979,6988,NA,NA,NA
subproblems/sup-4-10-u_3.json,4,10,8,8,2,902,891,7813,8213,6911,7322,u,365,8959,8594,1210,7824,6614,NA,NA,NA
subproblems/sup-4-10-u_4.json,4,10,7,7,3,881,453,6502,9017,5621,8564,u,2666,8505,5839,919,8866,7947,NA,NA,NA
subproblems/sup-4-10-u_5.json,4,10,6,6,4,583,716,9011,7782,8428,7066,u,268,8658,8390,449,6973,6524,NA,NA,NA
subproblems/sup-4-10-u_6.json,4,10,8,8,2,3138,1108,9315,7504,6177,6396,u,277,9430,9153,38,7313,7275,NA,NA,NA
subproblems/sup-4-10-u_7.json,4,10,7,7,3,1426,195,9828,9759,8402,9564,u,387,6704,6317,12,5442,5430,NA,NA,NA
subproblems/sup-4-10-u_8.json,4,10,8,8,2,1071,183,9026,9765,7955,9582,u,12,6771,6759,1095,9487,8392,NA,NA,NA
subproblems/sup-4-10-u_9.json,4,10,9,9,1,1526,578,9524,8352,7998,7774,u,902,8438,7536,1902,7347,5445,NA,NA,NA
subproblems/sup-4-100-l_1.json,4,100,100,100,0,245,305,9924,9940,9679,9635,l,1061,9924,8863,211,9972,9761,NA,NA,NA
subproblems/sup-4-100-l_10.json,4,100,100,100,0,75,593,9924,9999,9849,9406,l,296,9979,9683,957,9912,8955,NA,NA,NA
subproblems/sup-4-100-l_2.json,4,100,100,100,0,120,48,9985,9964,9865,9916,l,417,9857,9440,790,9959,9169,NA,NA,NA
subproblems/sup-4-100-l_3.json,4,100,100,100,0,192,174,9912,9935,9720,9761,l,329,9725,9396,291,9807,9516,NA,NA,NA
subproblems/sup-4-100-l_4.json,4,100,100,100,0,505,372,9924,9997,9419,9625,l,402,9940,9538,63,9931,9868,NA,NA,NA
subproblems/sup-4-100-l_5.json,4,100,100,100,0,162,682,9948,9964,9786,9282,l,387,9981,9594,88,9925,9837,NA,NA,NA
subproblems/sup-4-100-l_6.json,4,100,100,100,0,430,205,9985,9948,9555,9743,l,490,9966,9476,694,9965,9271,NA,NA,NA
subproblems/sup-4-100-l_7.json,4,100,100,100,0,1044,206,9976,9934,8932,9728,l,194,9922,9728,239,9995,9756,NA,NA,NA
subproblems/sup-4-100-l_8.json,4,100,100,100,0,448,156,10000,9990,9552,9834,l,462,9994,9532,289,9770,9481,NA,NA,NA
subproblems/sup-4-100-l_9.json,4,100,100,100,0,758,154,9953,9994,9195,9840,l,368,9991,9623,82,9897,9815,NA,NA,NA
subproblems/sup-4-100-m_1.json,4,100,32,32,68,62,100,9785,9930,9723,9830,m,47,9903,9856,64,9869,9805,NA,NA,NA
subproblems/sup-4-100-m_10.json,4,100,30,30,70,2,116,9947,9529,9945,9413,m,332,9665,9333,56,9998,9942,NA,NA,NA
subproblems/sup-4-100-m_2.json,4,100,37,37,63,116,36,9807,9934,9691,9898,m,110,9914,9804,1,9888,9887,NA,NA,NA
subproblems/sup-4-100-m_3.json,4,100,30,30,70,40,6,9925,9626,9885,9620,m,19,9752,9733,17,9976,9959,NA,NA,NA
subproblems/sup-4-100-m_4.json,4,100,37,37,63,90,9,9994,9720,9904,9711,m,21,9850,9829,37,9603,9566,NA,NA,NA
subproblems/sup-4-100-m_5.json,4,100,34,34,66,290,21,9898,9935,9608,9914,m,49,9957,9908,99,9957,9858,NA,NA,NA
subproblems/sup-4-100-m_6.json,4,100,34,34,66,164,98,9917,9775,9753,9677,m,288,9926,9638,355,9939,9584,NA,NA,NA
subproblems/sup-4-100-m_7.json,4,100,32,32,68,9,1,9884,9991,9875,9990,m,97,9473,9376,20,9846,9826,NA,NA,NA
subproblems/sup-4-100-m_8.json,4,100,30,30,70,20,108,9944,9914,9924,9806,m,10,9726,9716,103,9992,9889,NA,NA,NA
subproblems/sup-4-100-m_9.json,4,100,39,39,61,35,43,9975,9965,9940,9922,m,136,9826,9690,24,9944,9920,NA,NA,NA
subproblems/sup-4-100-u_1.json,4,100,25,25,75,117,51,9718,9805,9601,9754,u,19,9841,9822,23,9451,9428,NA,NA,NA
subproblems/sup-4-100-u_10.json,4,100,18,18,82,63,34,9794,9736,9731,9702,u,153,9638,9485,34,9527,9493,NA,NA,NA
subproblems/sup-4-100-u_2.json,4,100,16,16,84,20,24,9873,9863,9853,9839,u,7,9790,9783,2,9275,9273,NA,NA,NA
subproblems/sup-4-100-u_3.json,4,100,23,23,77,22,92,9792,9828,9770,9736,u,18,9726,9708,271,9791,9520,NA,NA,NA
subproblems/sup-4-100-u_4.json,4,100,26,26,74,245,81,9472,9716,9227,9635,u,263,9427,9164,85,9844,9759,NA,NA,NA
subproblems/sup-4-100-u_5.json,4,100,25,25,75,151,6,9975,9499,9824,9493,u,90,9716,9626,4,9690,9686,NA,NA,NA
subproblems/sup-4-100-u_6.json,4,100,19,19,81,59,2,9682,9645,9623,9643,u,97,9526,9429,242,9441,9199,NA,NA,NA
subproblems/sup-4-100-u_7.json,4,100,24,24,76,22,36,9655,9722,9633,9686,u,13,9952,9939,62,9813,9751,NA,NA,NA
subproblems/sup-4-100-u_8.json,4,100,20,20,80,55,43,9527,9947,9472,9904,u,180,9512,9332,15,9465,9450,NA,NA,NA
subproblems/sup-4-100-u_9.json,4,100,26,26,74,12,89,9458,9883,9446,9794,u,51,9763,9712,22,9808,9786,NA,NA,NA
subproblems/sup-4-150-l_1.json,4,150,150,150,0,27,60,9981,9875,9954,9815,l,403,9961,9558,168,9929,9761,NA,NA,NA
subproblems/sup-4-150-l_10.json,4,150,150,150,0,847,447,9988,9955,9141,9508,l,177,9991,9814,318,9998,9680,NA,NA,NA
subproblems/sup-4-150-l_2.json,4,150,150,150,0,2,220,9931,9964,9929,9744,l,147,9993,9846,411,9986,9575,NA,NA,NA
subproblems/sup-4-150-l_3.json,4,150,150,150,0,153,570,9990,9985,9837,9415,l,123,9945,9822,144,9952,9808,NA,NA,NA
subproblems/sup-4-150-l_4.json,4,150,150,150,0,31,185,9986,9988,9955,9803,l,320,9974,9654,443,9894,9451,NA,NA,NA
subproblems/sup-4-150-l_5.json,4,150,150,150,0,227,367,9880,9960,9653,9593,l,488,9999,9511,146,9991,9845,NA,NA,NA
subproblems/sup-4-150-l_6.json,4,150,150,150,0,386,371,9936,9961,9550,9590,l,175,9989,9814,283,10000,9717,NA,NA,NA
subproblems/sup-4-150-l_7.json,4,150,150,150,0,295,756,9957,9967,9662,9211,l,928,9963,9035,435,9945,9510,NA,NA,NA
subproblems/sup-4-150-l_8.json,4,150,150,150,0,150,25,9999,9989,9849,9964,l,195,9903,9708,264,9991,9727,NA,NA,NA
subproblems/sup-4-150-l_9.json,4,150,150,150,0,386,526,9895,9994,9509,9468,l,554,9972,9418,549,9971,9422,NA,NA,NA
subproblems/sup-4-150-m_1.json,4,150,43,43,107,192,67,9824,9882,9632,9815,m,19,9974,9955,1,9986,9985,NA,NA,NA
subproblems/sup-4-150-m_10.json,4,150,45,45,105,3,21,9882,9890,9879,9869,m,51,9909,9858,55,9990,9935,NA,NA,NA
subproblems/sup-4-150-m_2.json,4,150,42,42,108,132,15,9963,9889,9831,9874,m,27,9996,9969,41,9944,9903,NA,NA,NA
subproblems/sup-4-150-m_3.json,4,150,37,37,113,92,75,9909,9793,9817,9718,m,17,9956,9939,10,9777,9767,NA,NA,NA
subproblems/sup-4-150-m_4.json,4,150,44,44,106,15,17,9912,9935,9897,9918,m,29,9981,9952,5,9674,9669,NA,NA,NA
subproblems/sup-4-150-m_5.json,4,150,41,41,109,101,29,9856,9862,9755,9833,m,242,9975,9733,141,9828,9687,NA,NA,NA
subproblems/sup-4-150-m_6.json,4,150,52,52,98,6,127,9859,9828,9853,9701,m,12,9916,9904,46,9999,9953,NA,NA,NA
subproblems/sup-4-150-m_7.json,4,150,43,43,107,29,68,9955,9989,9926,9921,m,20,9959,9939,54,9976,9922,NA,NA,NA
subproblems/sup-4-150-m_8.json,4,150,53,53,97,62,10,9952,9954,9890,9944,m,24,9959,9935,54,9914,9860,NA,NA,NA
subproblems/sup-4-150-m_9.json,4,150,45,45,105,131,49,10000,9478,9869,9429,m,116,9975,9859,13,9966,9953,NA,NA,NA
subproblems/sup-4-150-u_1.json,4,150,23,23,127,9,60,9756,9512,9747,9452,u,279,9886,9607,60,9714,9654,NA,NA,NA
subproblems/sup-4-150-u_10.json,4,150,22,22,128,46,97,9878,9383,9832,9286,u,7,9712,9705,5,9923,9918,NA,NA,NA
subproblems/sup-4-150-u_2.json,4,150,19,19,131,61,55,9465,9488,9404,9433,u,41,9668,9627,43,9993,9950,NA,NA,NA
subproblems/sup-4-150-u_3.json,4,150,27,27,123,103,110,9882,9784,9779,9674,u,0,9931,9931,113,9630,9517,NA,NA,NA
subproblems/sup-4-150-u_4.json,4,150,24,24,126,114,48,9515,9918,9401,9870,u,21,9569,9548,151,9870,9719,NA,NA,NA
subproblems/sup-4-150-u_5.json,4,150,26,26,124,61,6,9482,9053,9421,9047,u,14,9775,9761,25,9760,9735,NA,NA,NA
subproblems/sup-4-150-u_6.json,4,150,22,22,128,95,36,9767,9357,9672,9321,u,10,9771,9761,2,9711,9709,NA,NA,NA
subproblems/sup-4-150-u_7.json,4,150,26,26,124,64,93,9471,9869,9407,9776,u,14,9704,9690,16,9646,9630,NA,NA,NA
subproblems/sup-4-150-u_8.json,4,150,22,22,128,13,117,9778,9708,9765,9591,u,0,9865,9865,76,9394,9318,NA,NA,NA
subproblems/sup-4-150-u_9.json,4,150,29,29,121,47,33,9639,9840,9592,9807,u,6,9128,9122,35,9736,9701,NA,NA,NA
subproblems/sup-4-200-l_1.json,4,200,200,200,0,223,3,9999,9931,9776,9928,l,123,9982,9859,248,9984,9736,NA,NA,NA
subproblems/sup-4-200-l_10.json,4,200,200,200,0,298,96,9988,9988,9690,9892,l,306,9965,9659,129,10000,9871,NA,NA,NA
subproblems/sup-4-200-l_2.json,4,200,200,200,0,286,490,9989,9952,9703,9462,l,151,9846,9695,95,9988,9893,NA,NA,NA
subproblems/sup-4-200-l_3.json,4,200,200,200,0,64,200,9924,9883,9860,9683,l,5,9981,9976,554,9961,9407,NA,NA,NA
subproblems/sup-4-200-l_4.json,4,200,200,200,0,34,88,9985,9969,9951,9881,l,323,9978,9655,103,9991,9888,NA,NA,NA
subproblems/sup-4-200-l_5.json,4,200,200,200,0,135,233,9975,9973,9840,9740,l,300,9994,9694,22,9970,9948,NA,NA,NA
subproblems/sup-4-200-l_6.json,4,200,200,200,0,163,86,9966,9915,9803,9829,l,166,9998,9832,50,9961,9911,NA,NA,NA
subproblems/sup-4-200-l_7.json,4,200,200,200,0,128,80,10000,9967,9872,9887,l,280,9995,9715,251,9962,9711,NA,NA,NA
subproblems/sup-4-200-l_8.json,4,200,200,200,0,108,103,9992,9999,9884,9896,l,50,9986,9936,319,10000,9681,NA,NA,NA
subproblems/sup-4-200-l_9.json,4,200,200,200,0,29,25,9997,9984,9968,9959,l,45,9997,9952,441,9942,9501,NA,NA,NA
subproblems/sup-4-200-m_1.json,4,200,53,53,147,9,9,9744,9923,9735,9914,m,20,9966,9946,9,9972,9963,NA,NA,NA
subproblems/sup-4-200-m_10.json,4,200,48,48,152,33,2,9896,9968,9863,9966,m,2,9958,9956,10,9955,9945,NA,NA,NA
subproblems/sup-4-200-m_2.json,4,200,49,49,151,15,22,9843,9874,9828,9852,m,46,9879,9833,14,9954,9940,NA,NA,NA
subproblems/sup-4-200-m_3.json,4,200,52,52,148,73,0,9858,9983,9785,9983,m,69,9972,9903,20,9984,9964,NA,NA,NA
subproblems/sup-4-200-m_4.json,4,200,48,48,152,3,60,9967,9982,9964,9922,m,8,9958,9950,3,9911,9908,NA,NA,NA
subproblems/sup-4-200-m_5.json,4,200,52,52,148,16,1,9983,9886,9967,9885,m,17,9969,9952,5,9991,9986,NA,NA,NA
subproblems/sup-4-200-m_6.json,4,200,45,45,155,16,39,9777,9926,9761,9887,m,22,9998,9976,109,9873,9764,NA,NA,NA
subproblems/sup-4-200-m_7.json,4,200,60,60,140,14,68,9903,9943,9889,9875,m,38,9945,9907,36,9959,9923,NA,NA,NA
subproblems/sup-4-200-m_8.json,4,200,55,55,145,80,3,9900,9959,9820,9956,m,29,9956,9927,25,9978,9953,NA,NA,NA
subproblems/sup-4-200-m_9.json,4,200,56,56,144,37,14,9937,9958,9900,9944,m,40,9979,9939,23,9958,9935,NA,NA,NA
subproblems/sup-4-200-u_1.json,4,200,23,23,177,50,45,9719,9891,9669,9846,u,3,9945,9942,6,9700,9694,NA,NA,NA
subproblems/sup-4-200-u_10.json,4,200,28,28,172,28,28,9635,9742,9607,9714,u,47,9812,9765,65,9960,9895,NA,NA,NA
subproblems/sup-4-200-u_2.json,4,200,32,32,168,2,19,9833,9395,9831,9376,u,2,9742,9740,10,9592,9582,NA,NA,NA
subproblems/sup-4-200-u_3.json,4,200,23,23,177,28,6,9876,9394,9848,9388,u,64,9468,9404,15,9914,9899,NA,NA,NA
subproblems/sup-4-200-u_4.json,4,200,20,20,180,39,13,9952,9980,9913,9967,u,43,9929,9886,41,9871,9830,NA,NA,NA
subproblems/sup-4-200-u_5.json,4,200,21,21,179,46,27,9985,9646,9939,9619,u,122,9750,9628,16,9730,9714,NA,NA,NA
subproblems/sup-4-200-u_6.json,4,200,30,30,170,29,67,9649,9634,9620,9567,u,10,9800,9790,89,9432,9343,NA,NA,NA
subproblems/sup-4-200-u_7.json,4,200,31,31,169,46,17,9899,9482,9853,9465,u,71,9819,9748,128,9754,9626,NA,NA,NA
subproblems/sup-4-200-u_8.json,4,200,29,29,171,0,6,9766,9453,9766,9447,u,10,9761,9751,40,9963,9923,NA,NA,NA
subproblems/sup-4-200-u_9.json,4,200,26,26,174,0,106,9729,9542,9729,9436,u,37,9935,9898,57,9826,9769,NA,NA,NA
subproblems/sup-4-300-l_1.json,4,300,300,300,0,42,198,10000,9980,9958,9782,l,326,9973,9647,2,10000,9998,NA,NA,NA
subproblems/sup-4-300-l_10.json,4,300,300,300,0,98,248,9980,9981,9882,9733,l,151,9999,9848,76,9974,9898,NA,NA,NA
subproblems/sup-4-300-l_2.json,4,300,300,300,0,93,86,9974,9994,9881,9908,l,573,9998,9425,165,9987,9822,NA,NA,NA
subproblems/sup-4-300-l_3.json,4,300,300,300,0,471,76,9938,9973,9467,9897,l,91,9976,9885,68,9996,9928,NA,NA,NA
subproblems/sup-4-300-l_4.json,4,300,300,300,0,49,234,9999,9943,9950,9709,l,547,9985,9438,56,9996,9940,NA,NA,NA
subproblems/sup-4-300-l_5.json,4,300,300,300,0,117,69,9995,9994,9878,9925,l,182,9997,9815,152,9997,9845,NA,NA,NA
subproblems/sup-4-300-l_6.json,4,300,300,300,0,361,224,9991,9980,9630,9756,l,135,9995,9860,265,9920,9655,NA,NA,NA
subproblems/sup-4-300-l_7.json,4,300,300,300,0,103,242,9827,9986,9724,9744,l,399,9978,9579,276,9994,9718,NA,NA,NA
subproblems/sup-4-300-l_8.json,4,300,300,300,0,111,709,9999,9903,9888,9194,l,300,9920,9620,164,9999,9835,NA,NA,NA
subproblems/sup-4-300-l_9.json,4,300,300,300,0,41,175,9949,9973,9908,9798,l,108,9997,9889,235,9974,9739,NA,NA,NA
subproblems/sup-4-300-m_1.json,4,300,65,65,235,1,6,9988,9971,9987,9965,m,23,9891,9868,22,9853,9831,NA,NA,NA
subproblems/sup-4-300-m_10.json,4,300,64,64,236,10,30,9731,9988,9721,9958,m,26,9940,9914,78,9732,9654,NA,NA,NA
subproblems/sup-4-300-m_2.json,4,300,70,70,230,2,66,9957,9918,9955,9852,m,59,9903,9844,16,9962,9946,NA,NA,NA
subproblems/sup-4-300-m_3.json,4,300,62,62,238,33,12,9998,9880,9965,9868,m,19,9838,9819,6,9985,9979,NA,NA,NA
subproblems/sup-4-300-m_4.json,4,300,59,59,241,10,6,9980,9975,9970,9969,m,11,9978,9967,7,9845,9838,NA,NA,NA
subproblems/sup-4-300-m_5.json,4,300,59,59,241,12,3,9925,9972,9913,9969,m,2,9946,9944,6,9962,9956,NA,NA,NA
subproblems/sup-4-300-m_6.json,4,300,63,63,237,7,14,9913,9960,9906,9946,m,0,9963,9963,18,9972,9954,NA,NA,NA
subproblems/sup-4-300-m_7.json,4,300,60,60,240,41,3,9917,9888,9876,9885,m,22,9974,9952,51,9937,9886,NA,NA,NA
subproblems/sup-4-300-m_8.json,4,300,67,67,233,14,6,9966,9892,9952,9886,m,43,9956,9913,12,9844,9832,NA,NA,NA
subproblems/sup-4-300-m_9.json,4,300,64,64,236,6,3,9984,9997,9978,9994,m,10,9971,9961,32,9970,9938,NA,NA,NA
subproblems/sup-4-300-u_1.json,4,300,39,39,261,3,44,9844,9769,9841,9725,u,16,9745,9729,16,9921,9905,NA,NA,NA
subproblems/sup-4-300-u_10.json,4,300,30,30,270,46,20,9914,9957,9868,9937,u,18,9850,9832,10,9931,9921,NA,NA,NA
subproblems/sup-4-300-u_2.json,4,300,28,28,272,36,17,9819,9833,9783,9816,u,0,9868,9868,29,9937,9908,NA,NA,NA
subproblems/sup-4-300-u_3.json,4,300,31,31,269,40,69,9959,9937,9919,9868,u,14,9852,9838,58,9773,9715,NA,NA,NA
subproblems/sup-4-300-u_4.json,4,300,31,31,269,9,38,9887,9906,9878,9868,u,0,9850,9850,14,9708,9694,NA,NA,NA
subproblems/sup-4-300-u_5.json,4,300,22,22,278,20,31,9759,9927,9739,9896,u,22,9847,9825,42,9676,9634,NA,NA,NA
subproblems/sup-4-300-u_6.json,4,300,34,34,266,41,61,9898,9813,9857,9752,u,9,9759,9750,55,9916,9861,NA,NA,NA
subproblems/sup-4-300-u_7.json,4,300,31,31,269,1,87,9978,9876,9977,9789,u,1,9807,9806,26,9829,9803,NA,NA,NA
subproblems/sup-4-300-u_8.json,4,300,31,31,269,2,25,9714,9799,9712,9774,u,76,9721,9645,15,9925,9910,NA,NA,NA
subproblems/sup-4-300-u_9.json,4,300,21,21,279,14,27,9815,9727,9801,9700,u,10,9910,9900,16,9918,9902,NA,NA,NA
subproblems/sup-4-50-l_1.json,4,50,50,50,0,768,566,9969,9936,9201,9370,l,380,9895,9515,306,9848,9542,NA,NA,NA
subproblems/sup-4-50-l_10.json,4,50,50,50,0,83,57,9935,9758,9852,9701,l,607,9905,9298,697,9912,9215,NA,NA,NA
subproblems/sup-4-50-l_2.json,4,50,50,50,0,155,275,9473,9933,9318,9658,l,335,9975,9640,287,9896,9609,NA,NA,NA
subproblems/sup-4-50-l_3.json,4,50,50,50,0,519,444,9821,9820,9302,9376,l,294,9908,9614,149,9728,9579,NA,NA,NA
subproblems/sup-4-50-l_4.json,4,50,50,50,0,411,361,9985,9927,9574,9566,l,267,9966,9699,1048,9989,8941,NA,NA,NA
subproblems/sup-4-50-l_5.json,4,50,50,50,0,344,606,9775,9908,9431,9302,l,302,9604,9302,1297,9609,8312,NA,NA,NA
subproblems/sup-4-50-l_6.json,4,50,50,50,0,742,45,9985,9808,9243,9763,l,1217,9963,8746,375,9729,9354,NA,NA,NA
subproblems/sup-4-50-l_7.json,4,50,50,50,0,720,580,9979,9973,9259,9393,l,524,9936,9412,872,9941,9069,NA,NA,NA
subproblems/sup-4-50-l_8.json,4,50,50,50,0,1112,1135,9436,9856,8324,8721,l,675,10000,9325,1150,9766,8616,NA,NA,NA
subproblems/sup-4-50-l_9.json,4,50,50,50,0,180,567,9762,9825,9582,9258,l,394,9936,9542,116,9945,9829,NA,NA,NA
subproblems/sup-4-50-m_1.json,4,50,29,29,21,375,91,9903,9892,9528,9801,m,128,9996,9868,261,9921,9660,NA,NA,NA
subproblems/sup-4-50-m_10.json,4,50,27,27,23,222,205,9923,9722,9701,9517,m,46,9149,9103,186,9996,9810,NA,NA,NA
subproblems/sup-4-50-m_2.json,4,50,23,23,27,100,197,9999,9942,9899,9745,m,65,9959,9894,21,9992,9971,NA,NA,NA
subproblems/sup-4-50-m_3.json,4,50,26,26,24,79,25,9533,9123,9454,9098,m,155,9435,9280,66,9514,9448,NA,NA,NA
subproblems/sup-4-50-m_4.json,4,50,17,17,33,216,291,9891,9946,9675,9655,m,120,9476,9356,116,9836,9720,NA,NA,NA
subproblems/sup-4-50-m_5.json,4,50,23,23,27,112,483,9855,9717,9743,9234,m,248,9397,9149,237,9985,9748,NA,NA,NA
subproblems/sup-4-50-m_6.json,4,50,24,24,26,27,30,9259,9110,9232,9080,m,260,9030,8770,562,9995,9433,NA,NA,NA
subproblems/sup-4-50-m_7.json,4,50,23,23,27,243,19,9459,9477,9216,9458,m,28,9661,9633,105,9884,9779,NA,NA,NA
subproblems/sup-4-50-m_8.json,4,50,21,21,29,378,223,9961,9703,9583,9480,m,608,9972,9364,577,9834,9257,NA,NA,NA
subproblems/sup-4-50-m_9.json,4,50,20,20,30,102,18,9654,9610,9552,9592,m,411,9728,9317,113,9680,9567,NA,NA,NA
subproblems/sup-4-50-u_1.json,4,50,11,11,39,252,156,9897,9902,9645,9746,u,695,8894,8199,242,9007,8765,NA,NA,NA
subproblems/sup-4-50-u_10.json,4,50,11,11,39,100,194,9827,9912,9727,9718,u,127,9886,9759,8,9391,9383,NA,NA,NA
subproblems/sup-4-50-u_2.json,4,50,19,19,31,74,480,9553,9636,9479,9156,u,184,9429,9245,4,9215,9211,NA,NA,NA
subproblems/sup-4-50-u_3.json,4,50,16,16,34,148,178,9953,9730,9805,9552,u,6,9326,9320,231,9413,9182,NA,NA,NA
subproblems/sup-4-50-u_4.json,4,50,14,14,36,208,80,9349,9487,9141,9407,u,426,9617,9191,83,9921,9838,NA,NA,NA
subproblems/sup-4-50-u_5.json,4,50,12,12,38,40,470,9927,9028,9887,8558,u,42,9916,9874,174,9725,9551,NA,NA,NA
subproblems/sup-4-50-u_6.json,4,50,13,13,37,348,176,9212,9933,8864,9757,u,114,9691,9577,297,9356,9059,NA,NA,NA
subproblems/sup-4-50-u_7.json,4,50,13,13,37,10,1,9763,9524,9753,9523,u,360,9408,9048,126,8602,8476,NA,NA,NA
subproblems/sup-4-50-u_8.json,4,50,14,14,36,364,400,9598,9643,9234,9243,u,482,9107,8625,108,9593,9485,NA,NA,NA
subproblems/sup-4-50-u_9.json,4,50,12,12,38,176,263,9259,9801,9083,9538,u,19,9673,9654,556,8800,8244,NA,NA,NA
subproblems/sup-4-600-l_1.json,4,600,600,600,0,78,110,9986,9995,9908,9885,l,83,9994,9911,178,9999,9821,NA,NA,NA
subproblems/sup-4-600-l_10.json,4,600,600,600,0,99,146,9997,10000,9898,9854,l,125,10000,9875,79,10000,9921,NA,NA,NA
subproblems/sup-4-600-l_2.json,4,600,600,600,0,159,96,9995,10000,9836,9904,l,259,9988,9729,29,9998,9969,NA,NA,NA
subproblems/sup-4-600-l_3.json,4,600,600,600,0,127,82,9985,9991,9858,9909,l,174,9960,9786,121,9980,9859,NA,NA,NA
subproblems/sup-4-600-l_4.json,4,600,600,600,0,70,177,9989,9985,9919,9808,l,149,9998,9849,60,9995,9935,NA,NA,NA
subproblems/sup-4-600-l_5.json,4,600,600,600,0,68,87,9991,9994,9923,9907,l,58,10000,9942,122,9949,9827,NA,NA,NA
subproblems/sup-4-600-l_6.json,4,600,600,600,0,156,337,9987,9993,9831,9656,l,111,9999,9888,224,9999,9775,NA,NA,NA
subproblems/sup-4-600-l_7.json,4,600,600,600,0,373,72,9998,9992,9625,9920,l,5,9991,9986,6,9999,9993,NA,NA,NA
subproblems/sup-4-600-l_8.json,4,600,600,600,0,163,196,10000,10000,9837,9804,l,71,9993,9922,75,9997,9922,NA,NA,NA
subproblems/sup-4-600-l_9.json,4,600,600,600,0,103,122,9991,10000,9888,9878,l,143,9997,9854,14,9998,9984,NA,NA,NA
subproblems/sup-4-600-m_1.json,4,600,103,103,497,13,0,9988,9956,9975,9956,m,14,9998,9984,7,9991,9984,NA,NA,NA
subproblems/sup-4-600-m_10.json,4,600,87,87,513,6,8,10000,9980,9994,9972,m,14,9992,9978,3,9959,9956,NA,NA,NA
subproblems/sup-4-600-m_2.json,4,600,86,86,514,0,0,9975,9987,9975,9987,m,7,9998,9991,2,9956,9954,NA,NA,NA
subproblems/sup-4-600-m_3.json,4,600,88,88,512,13,3,9937,9994,9924,9991,m,17,9963,9946,2,9938,9936,NA,NA,NA
subproblems/sup-4-600-m_4.json,4,600,93,93,507,3,2,9941,9984,9938,9982,m,2,9998,9996,0,9994,9994,NA,NA,NA
subproblems/sup-4-600-m_5.json,4,600,83,83,517,1,0,9905,9997,9904,9997,m,2,9980,9978,6,9964,9958,NA,NA,NA
subproblems/sup-4-600-m_6.json,4,600,92,92,508,14,9,9978,9975,9964,9966,m,26,9993,9967,1,9921,9920,NA,NA,NA
subproblems/sup-4-600-m_7.json,4,600,68,68,532,3,4,9922,9960,9919,9956,m,8,9974,9966,2,9999,9997,NA,NA,NA
subproblems/sup-4-600-m_8.json,4,600,89,89,511,7,17,9910,9940,9903,9923,m,5,9970,9965,3,9996,9993,NA,NA,NA
subproblems/sup-4-600-m_9.json,4,600,84,84,516,2,5,9981,10000,9979,9995,m,5,9950,9945,6,9998,9992,NA,NA,NA
subproblems/sup-4-600-u_1.json,4,600,41,41,559,18,16,9972,9891,9954,9875,u,5,9846,9841,0,9907,9907,NA,NA,NA
subproblems/sup-4-600-u_10.json,4,600,35,35,565,1,7,9797,9935,9796,9928,u,8,9625,9617,4,9971,9967,NA,NA,NA
subproblems/sup-4-600-u_2.json,4,600,32,32,568,6,14,9913,9860,9907,9846,u,9,9912,9903,0,9831,9831,NA,NA,NA
subproblems/sup-4-600-u_3.json,4,600,34,34,566,7,11,9720,9920,9713,9909,u,4,9906,9902,9,9963,9954,NA,NA,NA
subproblems/sup-4-600-u_4.json,4,600,41,41,559,14,3,9840,9854,9826,9851,u,16,9923,9907,4,9850,9846,NA,NA,NA
subproblems/sup-4-600-u_5.json,4,600,42,42,558,5,16,9964,9648,9959,9632,u,6,9908,9902,18,9926,9908,NA,NA,NA
subproblems/sup-4-600-u_6.json,4,600,46,46,554,2,22,9887,9913,9885,9891,u,37,9931,9894,0,9899,9899,NA,NA,NA
subproblems/sup-4-600-u_7.json,4,600,42,42,558,15,4,9819,9833,9804,9829,u,5,9717,9712,4,9989,9985,NA,NA,NA
subproblems/sup-4-600-u_8.json,4,600,40,40,560,29,9,9934,9880,9905,9871,u,6,9983,9977,1,9918,9917,NA,NA,NA
subproblems/sup-4-600-u_9.json,4,600,43,43,557,21,11,9857,9930,9836,9919,u,9,9843,9834,26,9955,9929,NA,NA,NA
subproblems/sup-5-10-l_1.json,5,10,10,10,0,1338,1803,9853,9699,8515,7896,l,1062,7917,6855,1154,9853,8699,4020,7817,3797
subproblems/sup-5-10-l_10.json,5,10,10,10,0,2454,3841,9108,9336,6654,5495,l,1014,9828,8814,3957,9734,5777,1710,9329,7619
subproblems/sup-5-10-l_2.json,5,10,10,10,0,3284,2029,9445,9115,6161,7086,l,2405,9284,6879,801,9075,8274,3542,9746,6204
subproblems/sup-5-10-l_3.json,5,10,10,10,0,1133,2837,9386,7959,8253,5122,l,3125,9853,6728,2195,9831,7636,338,9797,9459
subproblems/sup-5-10-l_4.json,5,10,10,10,0,2917,1180,9489,9764,6572,8584,l,5192,9776,4584,3326,9746,6420,928,9520,8592
subproblems/sup-5-10-l_5.json,5,10,10,10,0,497,3704,9339,9739,8842,6035,l,4441,9954,5513,1946,9699,7753,3157,8030,4873
subproblems/sup-5-10-l_6.json,5,10,10,10,0,683,6423,9592,9600,8909,3177,l,157,7880,7723,2854,9722,6868,1094,9634,8540
subproblems/sup-5-10-l_7.json,5,10,10,10,0,4033,3331,8107,9010,4074,5679,l,1912,8519,6607,4989,9980,4991,813,9300,8487
subproblems/sup-5-10-l_8.json,5,10,10,10,0,2535,2126,9646,9653,7111,7527,l,789,8717,7928,2817,9377,6560,1933,7899,5966
subproblems/sup-5-10-l_9.json,5,10,10,10,0,2154,2954,7830,8896,5676,5942,l,1363,9956,8593,3636,9783,6147,3917,9871,5954
subproblems/sup-5-10-m_1.json,5,10,10,10,0,134,738,8841,9692,8707,8954,m,1803,9183,7380,141,9213,9072,423,9205,8782
subproblems/sup-5-10-m_10.json,5,10,9,9,1,1012,2060,8388,9052,7376,6992,m,1301,8910,7609,1321,7424,6103,334,9692,9358
subproblems/sup-5-10-m_2.json,5,10,7,7,3,810,591,9528,8958,8718,8367,m,796,9970,9174,712,9545,8833,4086,9918,5832
subproblems/sup-5-10-m_3.json,5,10,10,10,0,119,1694,8297,9891,8178,8197,m,538,9270,8732,486,9695,9209,132,9970,9838
subproblems/sup-5-10-m_4.json,5,10,9,9,1,735,4289,8310,8987,7575,4698,m,2019,9978,7959,486,9723,9237,523,7003,6480
subproblems/sup-5-10-m_5.json,5,10,10,10,0,1120,1834,7113,8794,5993,6960,m,815,9421,8606,38,8967,8929,1767,7573,5806
subproblems/sup-5-10-m_6.json,5,10,9,9,1,1376,747,9942,8744,8566,7997,m,93,9837,9744,2147,8709,6562,88,8324,8236
subproblems/sup-5-10-m_7.json,5,10,10,10,0,881,102,9203,9592,8322,9490,m,1124,9426,8302,1016,8064,7048,2204,9759,7555
subproblems/sup-5-10-m_8.json,5,10,8,8,2,1320,1390,9818,7736,8498,6346,m,43,9581,9538,62,9888,9826,2714,9253,6539
subproblems/sup-5-10-m_9.json,5,10,8,8,2,5,68,8666,8788,8661,8720,m,219,8844,8625,229,7002,6773,705,8444,7739
subproblems/sup-5-10-u_1.json,5,10,9,9,1,793,954,8786,6665,7993,5711,u,78,9115,9037,818,6244,5426,697,8739,8042
subproblems/sup-5-10-u_10.json,5,10,10,10,0,2132,1630,7110,7438,4978,5808,u,147,7428,7281,967,7721,6754,1449,7000,5551
subproblems/sup-5-10-u_2.json,5,10,7,7,3,169,1411,8172,7388,8003,5977,u,213,7168,6955,545,6950,6405,142,8597,8455
subproblems/sup-5-10-u_3.json,5,10,7,7,3,712,2027,8769,9242,8057,7215,u,1113,6140,5027,1613,6797,5184,789,8253,7464
subproblems/sup-5-10-u_4.json,5,10,8,8,2,265,882,8551,7854,8286,6972,u,66,9797,9731,1334,7029,5695,624,6121,5497
subproblems/sup-5-10-u_5.json,5,10,8,8,2,1454,110,8821,8559,7367,8449,u,111,6910,6799,207,7025,6818,637,5343,4706
subproblems/sup-5-10-u_6.json,5,10,8,8,2,902,147,5584,7559,4682,7412,u,3185,9146,5961,410,8296,7886,313,4774,4461
subproblems/sup-5-10-u_7.json,5,10,9,9,1,299,1008,7107,5966,6808,4958,u,860,7571,6711,133,9357,9224,101,7634,7533
subproblems/sup-5-10-u_8.json,5,10,7,7,3,577,812,7580,9355,7003,8543,u,160,6001,5841,614,9121,8507,644,5591,4947
subproblems/sup-5-10-u_9.json,5,10,8,8,2,654,2429,6621,8694,5967,6265,u,212,9445,9233,488,8348,7860,136,7139,7003
subproblems/sup-5-100-l_1.json,5,100,100,100,0,1571,1443,9939,9986,8368,8543,l,1253,9925,8672,770,9837,9067,1067,9893,8826
subproblems/sup-5-100-l_10.json,5,100,100,100,0,1335,717,9798,9994,8463,9277,l,769,9866,9097,443,9977,9534,1184,9928,8744
subproblems/sup-5-100-l_2.json,5,100,100,100,0,945,158,9978,9997,9033,9839,l,241,9946,9705,1399,9948,8549,610,9998,9388
subproblems/sup-5-100-l_3.json,5,100,100,100,0,372,823,9990,9956,9618,9133,l,1051,9958,8907,1565,9969,8404,674,9941,9267
subproblems/sup-5-100-l_4.json,5,100,100,100,0,1648,843,9907,9884,8259,9041,l,220,9812,9592,482,9900,9418,302,9974,9672
subproblems/sup-5-100-l_5.json,5,100,100,100,0,226,817,9938,9922,9712,9105,l,1216,9993,8777,513,9994,9481,644,9928,9284
subproblems/sup-5-100-l_6.json,5,100,100,100,0,150,1674,9976,9892,9826,8218,l,1247,9882,8635,71,9998,9927,345,9999,9654
subproblems/sup-5-100-l_7.json,5,100,100,100,0,143,1054,9986,9894,9843,8840,l,426,9957,9531,527,9932,9405,484,9900,9416
subproblems/sup-5-100-l_8.json,5,100,100,100,0,485,1444,9973,9815,9488,8371,l,594,9988,9394,1518,9861,8343,773,9975,9202
subproblems/sup-5-100-l_9.json,5,100,100,100,0,298,742,9912,9867,9614,9125,l,775,9996,9221,130,9960,9830,279,9982,9703
subproblems/sup-5-100-m_1.json,5,100,40,40,60,18,114,9881,9867,9863,9753,m,256,9890,9634,8,9953,9945,1,9921,9920
subproblems/sup-5-100-m_10.json,5,100,49,49,51,20,36,9840,9896,9820,9860,m,160,9983,9823,126,9957,9831,41,9962,9921
subproblems/sup-5-100-m_2.json,5,100,50,50,50,17,25,9980,9929,9963,9904,m,350,9832,9482,123,9904,9781,171,9746,9575
subproblems/sup-5-100-m_3.json,5,100,45,45,55,41,19,9805,9791,9764,9772,m,34,9998,9964,192,9661,9469,777,9862,9085
subproblems/sup-5-100-m_4.json,5,100,47,47,53,39,23,9957,9955,9918,9932,m,3,9979,9976,72,9982,9910,156,9858,9702
subproblems/sup-5-100-m_5.json,5,100,49,49,51,24,68,9885,9990,9861,9922,m,156,9992,9836,111,9983,9872,354,9803,9449
subproblems/sup-5-100-m_6.json,5,100,47,47,53,51,56,9879,9764,9828,9708,m,17,9769,9752,45,9862,9817,155,9928,9773
subproblems/sup-5-100-m_7.json,5,100,46,46,54,30,83,9994,9916,9964,9833,m,40,9950,9910,16,9858,9842,175,9917,9742
subproblems/sup-5-100-m_8.json,5,100,45,45,55,171,103,9964,9812,9793,9709,m,59,9996,9937,30,9998,9968,185,9899,9714
subproblems/sup-5-100-m_9.json,5,100,46,46,54,105,54,9994,9997,9889,9943,m,70,9851,9781,182,9949,9767,143,9287,9144
subproblems/sup-5-100-u_1.json,5,100,36,36,64,103,29,9132,9765,9029,9736,u,29,9724,9695,127,9128,9001,7,8667,8660
subproblems/sup-5-100-u_10.json,5,100,28,28,72,134,12,9148,9483,9014,9471,u,60,9483,9423,36,9858,9822,64,8948,8884
subproblems/sup-5-100-u_2.json,5,100,41,41,59,90,49,8902,9004,8812,8955,u,58,8771,8713,64,9323,9259,35,9327,9292
subproblems/sup-5-100-u_3.json,5,100,45,45,55,3,119,9268,9421,9265,9302,u,101,8902,8801,17,8967,8950,200,9417,9217
subproblems/sup-5-100-u_4.json,5,100,32,32,68,6,74,9111,9050,9105,8976,u,85,9700,9615,10,9221,9211,108,9493,9385
subproblems/sup-5-100-u_5.json,5,100,29,29,71,27,9,9007,8815,8980,8806,u,68,9943,9875,0,8416,8416,12,9138,9126
subproblems/sup-5-100-u_6.json,5,100,32,32,68,4,3,9471,8801,9467,8798,u,52,9451,9399,59,9640,9581,131,9654,9523
subproblems/sup-5-100-u_7.json,5,100,29,29,71,141,56,9780,9699,9639,9643,u,12,9417,9405,13,9691,9678,33,9736,9703
subproblems/sup-5-100-u_8.json,5,100,33,33,67,57,33,9794,9196,9737,9163,u,77,9225,9148,14,9085,9071,39,9817,9778
subproblems/sup-5-100-u_9.json,5,100,39,39,61,37,39,9289,9244,9252,9205,u,18,8926,8908,41,9492,9451,1,9583,9582
subproblems/sup-5-150-l_1.json,5,150,150,150,0,864,1148,9983,9905,9119,8757,l,341,9984,9643,772,9992,9220,937,9999,9062
subproblems/sup-5-150-l_10.json,5,150,150,150,0,1165,1156,9969,9975,8804,8819,l,759,9938,9179,293,9966,9673,1059,9976,8917
subproblems/sup-5-150-l_2.json,5,150,150,150,0,317,404,9988,9926,9671,9522,l,455,9971,9516,137,9767,9630,732,9976,9244
subproblems/sup-5-150-l_3.json,5,150,150,150,0,782,566,9949,9980,9167,9414,l,928,9942,9014,29,9989,9960,1317,9958,8641
subproblems/sup-5-150-l_4.json,5,150,150,150,0,560,290,9978,9752,9418,9462,l,1188,9986,8798,154,9972,9818,909,9899,8990
subproblems/sup-5-150-l_5.json,5,150,150,150,0,446,25,9995,9931,9549,9906,l,158,9959,9801,254,9964,9710,384,9948,9564
subproblems/sup-5-150-l_6.json,5,150,150,150,0,1230,508,9979,9972,8749,9464,l,272,9993,9721,485,9733,9248,1067,9954,8887
subproblems/sup-5-150-l_7.json,5,150,150,150,0,396,607,9998,9978,9602,9371,l,577,9968,9391,951,9948,8997,968,9980,9012
subproblems/sup-5-150-l_8.json,5,150,150,150,0,240,787,9919,9805,9679,9018,l,702,9993,9291,459,9984,9525,1275,9996,8721
subproblems/sup-5-150-l_9.json,5,150,150,150,0,902,1268,9985,9949,9083,8681,l,782,9960,9178,376,9973,9597,315,9999,9684
subproblems/sup-5-150-m_1.json,5,150,62,62,88,125,14,9820,9948,9695,9934,m,214,9975,9761,60,9900,9840,32,9814,9782
subproblems/sup-5-150-m_10.json,5,150,45,45,105,91,200,9844,9919,9753,9719,m,0,9847,9847,179,9763,9584,73,9870,9797
subproblems/sup-5-150-m_2.json,5,150,57,57,93,16,26,9934,9993,9918,9967,m,9,9941,9932,18,9942,9924,20,9972,9952
subproblems/sup-5-150-m_3.json,5,150,64,64,86,75,202,9869,9984,9794,9782,m,67,9992,9925,33,9811,9778,21,9816,9795
subproblems/sup-5-150-m_4.json,5,150,66,66,84,25,54,9992,9933,9967,9879,m,67,9990,9923,63,9916,9853,422,9949,9527
subproblems/sup-5-150-m_5.json,5,150,58,58,92,244,21,9996,9983,9752,9962,m,20,9817,9797,49,9792,9743,0,9998,9998
subproblems/sup-5-150-m_6.json,5,150,60,60,90,37,19,9874,9885,9837,9866,m,33,9935,9902,17,9934,9917,8,9962,9954
subproblems/sup-5-150-m_7.json,5,150,57,57,93,6,110,9906,9897,9900,9787,m,39,9843,9804,95,9958,9863,71,9784,9713
subproblems/sup-5-150-m_8.json,5,150,62,62,88,9,34,9997,9928,9988,9894,m,36,9923,9887,24,9985,9961,21,9879,9858
subproblems/sup-5-150-m_9.json,5,150,53,53,97,122,61,9816,9968,9694,9907,m,99,9875,9776,37,9885,9848,158,9959,9801
subproblems/sup-5-150-u_1.json,5,150,41,41,109,12,109,9516,8992,9504,8883,u,16,9215,9199,10,9134,9124,63,9276,9213
subproblems/sup-5-150-u_10.json,5,150,39,39,111,7,34,8748,9794,8741,9760,u,15,9254,9239,5,8964,8959,24,9257,9233
subproblems/sup-5-150-u_2.json,5,150,40,40,110,35,35,9574,9243,9539,9208,u,89,9623,9534,58,9676,9618,18,9615,9597
subproblems/sup-5-150-u_3.json,5,150,42,42,108,15,0,8894,9300,8879,9300,u,13,8951,8938,43,8572,8529,94,8771,8677
subproblems/sup-5-150-u_4.json,5,150,43,43,107,25,42,9190,8998,9165,8956,u,24,9693,9669,3,9390,9387,22,9899,9877
subproblems/sup-5-150-u_5.json,5,150,45,45,105,0,25,9605,8495,9605,8470,u,38,9462,9424,107,9367,9260,38,9768,9730
subproblems/sup-5-150-u_6.json,5,150,31,31,119,38,42,9157,9633,9119,9591,u,21,9560,9539,2,9755,9753,42,9867,9825
subproblems/sup-5-150-u_7.json,5,150,47,47,103,4,14,9551,9158,9547,9144,u,20,9697,9677,22,9309,9287,35,9685,9650
subproblems/sup-5-150-u_8.json,5,150,45,45,105,112,2,9441,9209,9329,9207,u,4,9271,9267,31,9834,9803,21,8986,8965
subproblems/sup-5-150-u_9.json,5,150,33,33,117,12,13,9713,9665,9701,9652,u,10,9679,9669,4,9359,9355,40,9357,9317
subproblems/sup-5-200-l_1.json,5,200,200,200,0,436,795,9972,9924,9536,9129,l,298,9997,9699,236,9997,9761,517,9990,9473
subproblems/sup-5-200-l_10.json,5,200,200,200,0,173,226,9987,9754,9814,9528,l,590,9962,9372,82,9982,9900,393,9972,9579
subproblems/sup-5-200-l_2.json,5,200,200,200,0,535,402,9990,9952,9455,9550,l,420,10000,9580,527,9973,9446,255,9993,9738
subproblems/sup-5-200-l_3.json,5,200,200,200,0,1023,730,9995,9987,8972,9257,l,540,9960,9420,860,9986,9126,791,9865,9074
subproblems/sup-5-200-l_4.json,5,200,200,200,0,632,373,9990,9950,9358,9577,l,446,9956,9510,401,9935,9534,227,9993,9766
subproblems/sup-5-200-l_5.json,5,200,200,200,0,627,306,9912,9985,9285,9679,l,301,9998,9697,555,9996,9441,216,9987,9771
subproblems/sup-5-200-l_6.json,5,200,200,200,0,312,1142,9989,9981,9677,8839,l,471,10000,9529,338,9986,9648,684,9999,9315
subproblems/sup-5-200-l_7.json,5,200,200,200,0,433,394,9981,9947,9548,9553,l,136,9987,9851,749,9950,9201,247,9974,9727
subproblems/sup-5-200-l_8.json,5,200,200,200,0,164,1223,9943,9984,9779,8761,l,96,9982,9886,616,9947,9331,488,9943,9455
subproblems/sup-5-200-l_9.json,5,200,200,200,0,808,672,9973,9960,9165,9288,l,384,9997,9613,1041,9997,8956,293,9991,9698
subproblems/sup-5-200-m_1.json,5,200,69,69,131,34,53,9955,9946,9921,9893,m,39,9970,9931,25,9899,9874,51,9950,9899
subproblems/sup-5-200-m_10.json,5,200,60,60,140,20,12,9982,9928,9962,9916,m,24,9946,9922,42,9974,9932,53,9994,9941
subproblems/sup-5-200-m_2.json,5,200,73,73,127,0,5,9956,9985,9956,9980,m,51,9977,9926,8,9874,9866,35,9735,9700
subproblems/sup-5-200-m_3.json,5,200,71,71,129,114,106,9973,9999,9859,9893,m,0,9919,9919,22,9948,9926,3,9941,9938
subproblems/sup-5-200-m_4.json,5,200,78,78,122,14,54,9986,9995,9972,9941,m,65,9990,9925,3,9982,9979,13,9920,9907
subproblems/sup-5-200-m_5.json,5,200,59,59,141,75,16,9891,9979,9816,9963,m,16,9940,9924,73,9954,9881,8,9994,9986
subproblems/sup-5-200-m_6.json,5,200,72,72,128,19,153,9977,9946,9958,9793,m,129,9979,9850,18,9909,9891,78,9889,9811
subproblems/sup-5-200-m_7.json,5,200,75,75,125,35,86,9973,9953,9938,9867,m,5,9813,9808,0,9876,9876,25,9996,9971
subproblems/sup-5-200-m_8.json,5,200,63,63,137,8,30,9981,9941,9973,9911,m,27,9974,9947,216,9984,9768,14,9969,9955
subproblems/sup-5-200-m_9.json,5,200,70,70,130,5,210,9865,9908,9860,9698,m,43,9986,9943,4,9940,9936,63,9946,9883
subproblems/sup-5-200-u_1.json,5,200,47,47,153,6,36,9681,9823,9675,9787,u,67,9785,9718,55,9353,9298,90,9650,9560
subproblems/sup-5-200-u_10.json,5,200,45,45,155,9,27,9440,9755,9431,9728,u,16,9659,9643,7,9691,9684,79,9739,9660
subproblems/sup-5-200-u_2.json,5,200,54,54,146,30,15,9408,9302,9378,9287,u,55,9106,9051,57,9750,9693,53,8972,8919
subproblems/sup-5-200-u_3.json,5,200,43,43,157,19,93,9295,9846,9276,9753,u,11,9571,9560,12,9503,9491,38,9487,9449
subproblems/sup-5-200-u_4.json,5,200,49,49,151,8,95,9418,9282,9410,9187,u,1,9279,9278,11,9805,9794,15,9630,9615
subproblems/sup-5-200-u_5.json,5,200,48,48,152,13,38,8840,9553,8827,9515,u,0,9347,9347,7,9273,9266,4,9569,9565
subproblems/sup-5-200-u_6.json,5,200,38,38,162,36,7,9802,9715,9766,9708,u,26,9383,9357,13,9961,9948,54,9735,9681
subproblems/sup-5-200-u_7.json,5,200,43,43,157,37,101,9627,9197,9590,9096,u,6,9425,9419,91,9411,9320,73,9635,9562
subproblems/sup-5-200-u_8.json,5,200,41,41,159,1,0,9056,9757,9055,9757,u,23,9465,9442,25,9632,9607,13,9371,9358
subproblems/sup-5-200-u_9.json,5,200,53,53,147,47,6,9241,9314,9194,9308,u,0,9655,9655,3,9626,9623,63,9191,9128
subproblems/sup-5-300-l_1.json,5,300,300,300,0,118,255,9995,9999,9877,9744,l,340,9962,9622,302,9971,9669,525,9977,9452
subproblems/sup-5-300-l_10.json,5,300,300,300,0,464,196,9972,9975,9508,9779,l,1065,9995,8930,214,9998,9784,392,9987,9595
subproblems/sup-5-300-l_2.json,5,300,300,300,0,329,386,9971,9956,9642,9570,l,197,9982,9785,392,9992,9600,663,9989,9326
subproblems/sup-5-300-l_3.json,5,300,300,300,0,644,130,9987,9974,9343,9844,l,323,10000,9677,152,9994,9842,605,9989,9384
subproblems/sup-5-300-l_4.json,5,300,300,300,0,158,267,9995,9950,9837,9683,l,449,9989,9540,507,9993,9486,672,9988,9316
subproblems/sup-5-300-l_5.json,5,300,300,300,0,273,513,9994,9976,9721,9463,l,155,9983,9828,187,9931,9744,665,9987,9322
subproblems/sup-5-300-l_6.json,5,300,300,300,0,253,613,9987,9978,9734,9365,l,396,9979,9583,272,9985,9713,245,9992,9747
subproblems/sup-5-300-l_7.json,5,300,300,300,0,256,845,9981,9993,9725,9148,l,607,9996,9389,707,10000,9293,613,9992,9379
subproblems/sup-5-300-l_8.json,5,300,300,300,0,214,144,9968,9999,9754,9855,l,214,9987,9773,578,9994,9416,372,10000,9628
subproblems/sup-5-300-l_9.json,5,300,300,300,0,43,424,9959,9990,9916,9566,l,287,9983,9696,267,9993,9726,295,9957,9662
subproblems/sup-5-300-m_1.json,5,300,79,79,221,40,81,9986,9970,9946,9889,m,42,9978,9936,56,9960,9904,47,9913,9866
subproblems/sup-5-300-m_10.json,5,300,100,100,200,9,14,9968,9996,9959,9982,m,0,9970,9970,23,9997,9974,45,9904,9859
subproblems/sup-5-300-m_2.json,5,300,91,91,209,5,3,9974,9989,9969,9986,m,22,9951,9929,10,9850,9840,1,9975,9974
subproblems/sup-5-300-m_3.json,5,300,89,89,211,15,13,9999,9980,9984,9967,m,0,9888,9888,39,9936,9897,50,9991,9941
subproblems/sup-5-300-m_4.json,5,300,96,96,204,23,23,9988,9996,9965,9973,m,39,9980,9941,17,9939,9922,13,9996,9983
subproblems/sup-5-300-m_5.json,5,300,88,88,212,5,2,9885,9973,9880,9971,m,6,9972,9966,5,9981,9976,13,9996,9983
subproblems/sup-5-300-m_6.json,5,300,88,88,212,0,9,9878,9994,9878,9985,m,37,9946,9909,10,9965,9955,78,9979,9901
subproblems/sup-5-300-m_7.json,5,300,84,84,216,15,12,9967,9874,9952,9862,m,21,9969,9948,49,9976,9927,23,9997,9974
subproblems/sup-5-300-m_8.json,5,300,83,83,217,2,24,9999,9988,9997,9964,m,13,9934,9921,19,9964,9945,12,9844,9832
subproblems/sup-5-300-m_9.json,5,300,88,88,212,12,4,9994,9995,9982,9991,m,1,9877,9876,15,9898,9883,35,9996,9961
subproblems/sup-5-300-u_1.json,5,300,52,52,248,55,25,9895,9286,9840,9261,u,1,9304,9303,0,9380,9380,17,9640,9623
subproblems/sup-5-300-u_10.json,5,300,63,63,237,48,40,9102,9468,9054,9428,u,19,9824,9805,13,9918,9905,14,9613,9599
subproblems/sup-5-300-u_2.json,5,300,51,51,249,35,45,9784,9021,9749,8976,u,36,9629,9593,34,9397,9363,7,9539,9532
subproblems/sup-5-300-u_3.json,5,300,54,54,246,5,39,9888,9551,9883,9512,u,37,9827,9790,2,9357,9355,3,9699,9696
subproblems/sup-5-300-u_4.json,5,300,53,53,247,21,66,9855,9263,9834,9197,u,19,9607,9588,7,9552,9545,8,9740,9732
subproblems/sup-5-300-u_5.json,5,300,69,69,231,27,53,9839,8749,9812,8696,u,21,9605,9584,42,9344,9302,4,9162,9158
subproblems/sup-5-300-u_6.json,5,300,62,62,238,11,1,8738,9722,8727,9721,u,1,9549,9548,4,9510,9506,35,9351,9316
subproblems/sup-5-300-u_7.json,5,300,60,60,240,68,18,9558,9886,9490,9868,u,5,9635,9630,12,9284,9272,20,9566,9546
subproblems/sup-5-300-u_8.json,5,300,61,61,239,2,5,9840,9725,9838,9720,u,6,9290,9284,16,9204,9188,2,9634,9632
subproblems/sup-5-300-u_9.json,5,300,57,57,243,39,5,9875,9656,9836,9651,u,32,9781,9749,0,9291,9291,7,9364,9357
subproblems/sup-5-50-l_1.json,5,50,50,50,0,1182,720,9333,9951,8151,9231,l,659,9982,9323,981,9993,9012,2062,9997,7935
subproblems/sup-5-50-l_10.json,5,50,50,50,0,1655,1638,9976,9803,8321,8165,l,481,9980,9499,1209,9911,8702,663,9895,9232
subproblems/sup-5-50-l_2.json,5,50,50,50,0,379,429,9848,9715,9469,9286,l,1403,9997,8594,893,9682,8789,640,9960,9320
subproblems/sup-5-50-l_3.json,5,50,50,50,0,1917,657,9880,9879,7963,9222,l,905,9963,9058,888,9551,8663,762,9914,9152
subproblems/sup-5-50-l_4.json,5,50,50,50,0,1085,1596,9471,9931,8386,8335,l,1186,9952,8766,1289,9940,8651,1015,9993,8978
subproblems/sup-5-50-l_5.json,5,50,50,50,0,1143,1103,9961,9963,8818,8860,l,14,9789,9775,1260,9924,8664,230,9888,9658
subproblems/sup-5-50-l_6.json,5,50,50,50,0,922,768,9958,9865,9036,9097,l,1079,9968,8889,1340,9848,8508,1823,9835,8012
subproblems/sup-5-50-l_7.json,5,50,50,50,0,970,498,9877,10000,8907,9502,l,446,9985,9539,1262,9781,8519,1102,9992,8890
subproblems/sup-5-50-l_8.json,5,50,50,50,0,435,675,9766,9973,9331,9298,l,2017,9835,7818,1759,9904,8145,256,9762,9506
subproblems/sup-5-50-l_9.json,5,50,50,50,0,998,1918,9984,9846,8986,7928,l,775,9887,9112,1379,9343,7964,213,9987,9774
subproblems/sup-5-50-m_1.json,5,50,29,29,21,173,123,9867,9461,9694,9338,m,53,9983,9930,20,9391,9371,9,9716,9707
subproblems/sup-5-50-m_10.json,5,50,34,34,16,117,211,9858,9820,9741,9609,m,10,9981,9971,51,9671,9620,114,10000,9886
subproblems/sup-5-50-m_2.json,5,50,29,29,21,201,90,9847,9748,9646,9658,m,39,9993,9954,162,9567,9405,126,9873,9747
subproblems/sup-5-50-m_3.json,5,50,26,26,24,27,324,9962,9984,9935,9660,m,108,9301,9193,570,9992,9422,200,9516,9316
subproblems/sup-5-50-m_4.json,5,50,31,31,19,163,74,9544,9967,9381,9893,m,685,9788,9103,137,9950,9813,63,9983,9920
subproblems/sup-5-50-m_5.json,5,50,25,25,25,155,202,9863,9850,9708,9648,m,35,9758,9723,525,9578,9053,37,9874,9837
subproblems/sup-5-50-m_6.json,5,50,31,31,19,62,61,9883,9849,9821,9788,m,439,9521,9082,568,9988,9420,7,9864,9857
subproblems/sup-5-50-m_7.json,5,50,23,23,27,221,71,9751,9899,9530,9828,m,112,9906,9794,804,9773,8969,45,9827,9782
subproblems/sup-5-50-m_8.json,5,50,30,30,20,350,205,9739,9744,9389,9539,m,245,9971,9726,111,9649,9538,64,9952,9888
subproblems/sup-5-50-m_9.json,5,50,33,33,17,234,91,9905,9892,9671,9801,m,70,9606,9536,564,9296,8732,155,9809,9654
subproblems/sup-5-50-u_1.json,5,50,30,30,20,265,58,8378,7692,8113,7634,u,192,9735,9543,17,7418,7401,214,9123,8909
subproblems/sup-5-50-u_10.json,5,50,22,22,28,185,103,9458,8971,9273,8868,u,42,9602,9560,89,8306,8217,67,9563,9496
subproblems/sup-5-50-u_2.json,5,50,31,31,19,126,83,8050,9610,7924,9527,u,132,8302,8170,226,9554,9328,38,8005,7967
subproblems/sup-5-50-u_3.json,5,50,30,30,20,117,34,7723,9638,7606,9604,u,40,9311,9271,138,8610,8472,44,8824,8780
subproblems/sup-5-50-u_4.json,5,50,23,23,27,228,454,9407,8722,9179,8268,u,256,9010,8754,257,9088,8831,19,9238,9219
subproblems/sup-5-50-u_5.json,5,50,20,20,30,31,599,9404,9552,9373,8953,u,55,9204,9149,33,7626,7593,118,9332,9214
subproblems/sup-5-50-u_6.json,5,50,25,25,25,53,29,8259,8063,8206,8034,u,207,7828,7621,107,8650,8543,163,9725,9562
subproblems/sup-5-50-u_7.json,5,50,18,18,32,85,11,9636,9576,9551,9565,u,99,9720,9621,20,9433,9413,59,9504,9445
subproblems/sup-5-50-u_8.json,5,50,23,23,27,24,429,9051,9352,9027,8923,u,48,9667,9619,205,9410,9205,214,9476,9262
subproblems/sup-5-50-u_9.json,5,50,19,19,31,630,120,8984,9196,8354,9076,u,285,8570,8285,52,9427,9375,371,9269,8898
subproblems/sup-5-600-l_1.json,5,600,600,600,0,168,375,9992,9997,9824,9622,l,365,10000,9635,572,9977,9405,378,9990,9612
subproblems/sup-5-600-l_10.json,5,600,600,600,0,398,406,9985,9993,9587,9587,l,277,9997,9720,369,9995,9626,369,10000,9631
subproblems/sup-5-600-l_2.json,5,600,600,600,0,117,156,9997,9989,9880,9833,l,240,9997,9757,357,9999,9642,105,9993,9888
subproblems/sup-5-600-l_3.json,5,600,600,600,0,231,364,9998,9980,9767,9616,l,103,9988,9885,346,9994,9648,346,9993,9647
subproblems/sup-5-600-l_4.json,5,600,600,600,0,249,122,9968,9998,9719,9876,l,300,9965,9665,269,9998,9729,430,9984,9554
subproblems/sup-5-600-l_5.json,5,600,600,600,0,351,109,9982,9992,9631,9883,l,338,9997,9659,228,9991,9763,118,9987,9869
subproblems/sup-5-600-l_6.json,5,600,600,600,0,346,467,9991,9996,9645,9529,l,408,9983,9575,311,9995,9684,82,9992,9910
subproblems/sup-5-600-l_7.json,5,600,600,600,0,83,578,9997,9993,9914,9415,l,507,9995,9488,108,9995,9887,292,9978,9686
subproblems/sup-5-600-l_8.json,5,600,600,600,0,265,163,9982,9995,9717,9832,l,285,9990,9705,200,9981,9781,524,9967,9443
subproblems/sup-5-600-l_9.json,5,600,600,600,0,212,134,9991,9990,9779,9856,l,329,9998,9669,40,9999,9959,173,9994,9821
subproblems/sup-5-600-m_1.json,5,600,136,136,464,16,8,9971,9985,9955,9977,m,32,9986,9954,4,9987,9983,20,9994,9974
subproblems/sup-5-600-m_10.json,5,600,135,135,465,7,0,9982,9990,9975,9990,m,11,9985,9974,31,9974,9943,7,10000,9993
subproblems/sup-5-600-m_2.json,5,600,141,141,459,21,14,9988,9960,9967,9946,m,2,9996,9994,2,9924,9922,12,9899,9887
subproblems/sup-5-600-m_3.json,5,600,122,122,478,31,7,9999,9960,9968,9953,m,8,9990,9982,24,9968,9944,1,9967,9966
subproblems/sup-5-600-m_4.json,5,600,122,122,478,23,2,9994,9968,9971,9966,m,15,9994,9979,4,9980,9976,13,9991,9978
subproblems/sup-5-600-m_5.json,5,600,135,135,465,28,6,9967,9986,9939,9980,m,17,9987,9970,44,9987,9943,35,9989,9954
subproblems/sup-5-600-m_6.json,5,600,124,124,476,7,39,9993,9983,9986,9944,m,6,9985,9979,0,9963,9963,13,9990,9977
subproblems/sup-5-600-m_7.json,5,600,134,134,466,9,4,9915,9945,9906,9941,m,5,9996,9991,42,9991,9949,21,10000,9979
subproblems/sup-5-600-m_8.json,5,600,140,140,460,32,9,9965,9967,9933,9958,m,6,9901,9895,2,9999,9997,7,9993,9986
subproblems/sup-5-600-m_9.json,5,600,140,140,460,28,7,10000,9984,9972,9977,m,13,9994,9981,10,9964,9954,16,9994,9978
subproblems/sup-5-600-u_1.json,5,600,90,90,510,8,25,9405,9831,9397,9806,u,10,9623,9613,9,9609,9600,9,9786,9777
subproblems/sup-5-600-u_10.json,5,600,64,64,536,14,42,9904,9475,9890,9433,u,1,9927,9926,8,9730,9722,3,9895,9892
subproblems/sup-5-600-u_2.json,5,600,76,76,524,24,19,9886,9938,9862,9919,u,6,9468,9462,40,9882,9842,18,9580,9562
subproblems/sup-5-600-u_3.json,5,600,79,79,521,16,10,9655,9736,9639,9726,u,12,9742,9730,10,9434,9424,35,9757,9722
subproblems/sup-5-600-u_4.json,5,600,72,72,528,71,27,9850,9803,9779,9776,u,30,9794,9764,2,9598,9596,1,9778,9777
subproblems/sup-5-600-u_5.json,5,600,79,79,521,6,13,9633,9627,9627,9614,u,16,9728,9712,11,9534,9523,9,9636,9627
subproblems/sup-5-600-u_6.json,5,600,87,87,513,3,1,9292,9572,9289,9571,u,17,9646,9629,32,9648,9616,9,9803,9794
subproblems/sup-5-600-u_7.json,5,600,73,73,527,35,26,9945,9434,9910,9408,u,26,9899,9873,10,9908,9898,16,9757,9741
subproblems/sup-5-600-u_8.json,5,600,78,78,522,3,4,9708,9922,9705,9918,u,14,9615,9601,15,9505,9490,9,9925,9916
subproblems/sup-5-600-u_9.json,5,600,66,66,534,3,14,9821,9891,9818,9877,u,1,9888,9887,40,9774,9734,11,9684,9673
